province_id,name,x,y
0,Las Palmas,6140.0,2667.0
1,Murmansk,7392.0,698.0
2,Apatity,7454.0,810.0
3,Ivalo,7248.0,742.0
4,Enontekiö,7137.0,748.0
5,Rovaniemi,7183.0,869.0
6,Oulu,7190.0,935.0
7,Kokkola,7114.0,1023.0
8,Vaasa,7069.0,1085.0
9,Pori,7076.0,1158.0
10,Manchester,5955.0,1604.0
11,Turku,7090.0,1256.0
12,Jyväskylä,7189.0,1095.0
13,Tampere,7146.0,1197.0
14,Helsinki,7198.0,1267.0
15,Lappeenranta,7311.0,1217.0
16,Joensuu,7365.0,1106.0
17,Kem,7423.0,972.0
18,Iisalmi,7293.0,1048.0
19,Kuusamo,7296.0,905.0
20,Loukhi,7351.0,885.0
21,Tetrino,7561.0,882.0
22,Kiruna,7040.0,767.0
23,Luleå,7082.0,871.0
24,Arjeborg,6945.0,869.0
25,Umeå,7038.0,992.0
26,Vilhelmina,6926.0,957.0
27,Östersund,6872.0,1051.0
28,Stockholm,6971.0,1322.0
29,Malmö,6770.0,1568.0
30,Härnösand,6956.0,1099.0
31,Falun,6910.0,1217.0
32,Lofsdalen,6797.0,1119.0
33,Mora,6848.0,1199.0
34,Karlstad,6794.0,1333.0
35,Gothenburg,6741.0,1451.0
36,Linköping,6873.0,1397.0
37,Växjö,6841.0,1493.0
38,Visby,6988.0,1452.0
39,Rosenheim,6689.0,2098.0
40,Narvik,6916.0,768.0
41,Brześć,7218.0,1771.0
42,Alta,7101.0,663.0
43,Bodø,6838.0,838.0
44,Steinkjer,6719.0,1014.0
45,Trondheim,6696.0,1062.0
46,Oslo,6710.0,1308.0
47,Dęblin,7135.0,1828.0
48,Hamar,6722.0,1213.0
49,Mazyr,7493.0,1766.0
50,Bergen,6516.0,1236.0
51,Stryn,6582.0,1145.0
52,Rjukan,6613.0,1287.0
53,Kristiansand,6594.0,1384.0
54,Tallinn,7226.0,1307.0
55,Haapsalu,7174.0,1339.0
57,Bern,6440.0,2151.0
58,Pärnu,7223.0,1384.0
59,Valga,7267.0,1411.0
60,London,6085.0,1779.0
61,Cēsis,7225.0,1424.0
62,Riga,7192.0,1470.0
63,Ludza,7289.0,1498.0
64,Daugavpils,7245.0,1527.0
65,Vilnius,7209.0,1571.0
66,Alytus,7168.0,1632.0
67,Kaunas,7160.0,1582.0
68,Tauragė,7099.0,1537.0
69,Klaipėda,7082.0,1498.0
70,Talsi,7131.0,1439.0
71,Athlone,5684.0,1591.0
72,Danzig,6984.0,1636.0
73,Bydgoszcz,6965.0,1723.0
74,Poznań,6880.0,1779.0
75,Warsaw,7073.0,1795.0
76,Łódź,6991.0,1836.0
77,Płock,7036.0,1768.0
78,Kraków,7033.0,1948.0
79,Lwów,7257.0,1944.0
80,Tarnów,7079.0,1951.0
81,Lublin,7180.0,1860.0
82,Kielce,7075.0,1893.0
83,Łomża,7138.0,1727.0
84,Wilno,7306.0,1529.0
85,Lida,7274.0,1628.0
86,Stanisławów,7297.0,1982.0
87,Brody,7327.0,1901.0
88,Sarny,7352.0,1794.0
89,Kowel,7264.0,1803.0
90,Edinburgh,5911.0,1388.0
91,Lutsk,7418.0,1833.0
92,Kiev,7566.0,1882.0
93,Odessa,7559.0,2061.0
94,Salisbury,5970.0,1827.0
95,Kharkiv,7716.0,1863.0
96,Stalino,7745.0,1972.0
97,Luhansk,7790.0,1918.0
98,Poltava,7714.0,1907.0
99,Cherkasy,7621.0,1912.0
100,Chernihiv,7566.0,1812.0
101,Zaporizhzhia,7704.0,1990.0
102,Dnipropetrovsk,7701.0,1960.0
103,Sevastopol,7626.0,2140.0
104,Melitopol,7667.0,2057.0
105,Kirovohrad,7623.0,1961.0
106,Vinnytsia,7488.0,1938.0
107,Lviv,7385.0,1898.0
108,Zhytomyr,7506.0,1880.0
109,Mykolayiv,7577.0,2026.0
110,Ternopil,7439.0,1896.0
111,Uman,7543.0,1964.0
112,Korosten,7507.0,1830.0
113,Hamburg,6617.0,1688.0
114,Kiel,6625.0,1643.0
115,Dresden,6748.0,1873.0
116,Berlin,6751.0,1759.0
117,Cologne,6448.0,1885.0
118,Munich,6661.0,2071.0
119,Osnabrück,6513.0,1781.0
120,Bremen,6555.0,1703.0
121,Hannover,6618.0,1759.0
122,Rostock,6721.0,1676.0
123,Stettin,6826.0,1712.0
124,Kolberg,6901.0,1667.0
125,Königsberg,7063.0,1639.0
126,Küstrin,6809.0,1781.0
127,Magdeburg,6695.0,1775.0
128,Oppeln,6951.0,1909.0
129,Breslau,6906.0,1870.0
130,Leipzig,6712.0,1862.0
131,Düsseldorf,6443.0,1844.0
132,Frankfurt,6467.0,1924.0
133,Stuttgart,6487.0,2020.0
134,Saarbrücken,6410.0,1974.0
135,Freiburg,6435.0,2099.0
136,Augsburg,6612.0,2058.0
137,Nuremberg,6641.0,2007.0
138,Würzburg,6540.0,1963.0
139,Kassel,6526.0,1888.0
140,Erfurt,6634.0,1922.0
141,Mogilev,7463.0,1619.0
142,Gomel,7527.0,1710.0
143,Esbjerg,6568.0,1541.0
144,Rock Springs,1943.0,1955.0
145,Frederikshavn,6658.0,1438.0
146,Žlobin,7489.0,1691.0
147,Babruysk,7405.0,1664.0
148,Przemyśl,7177.0,1944.0
149,Zürich,6510.0,2119.0
150,Viborg,6605.0,1504.0
151,Aarhus,6624.0,1538.0
152,Chur,6542.0,2174.0
153,Lugano,6503.0,2232.0
154,Odense,6648.0,1567.0
155,Copenhagen,6727.0,1556.0
156,Lausanne,6386.0,2193.0
157,Næstved,6696.0,1587.0
158,Vienna,6910.0,2060.0
159,Polotsk,7343.0,1485.0
160,Minsk,7334.0,1613.0
161,Vitsebsk,7449.0,1496.0
162,Barysaw,7368.0,1583.0
163,Slutsk,7353.0,1683.0
164,Lahti,7210.0,1217.0
165,Sankt Pölten,6849.0,2072.0
166,Graz,6838.0,2159.0
167,Salzburg,6744.0,2111.0
168,Innsbruck,6650.0,2163.0
169,Prague,6799.0,1959.0
170,Liberec,6818.0,1912.0
171,Pilsen,6760.0,1982.0
172,Ostrava,6942.0,1973.0
173,Brno,6871.0,2011.0
174,Žilina,7014.0,1994.0
175,Košice,7153.0,2006.0
176,Mukačevo,7247.0,2026.0
177,Bratislava,6943.0,2059.0
178,Banská Bystrica,7036.0,2035.0
179,Amsterdam,6361.0,1745.0
180,Rotterdam,6332.0,1764.0
181,Den Helder,6344.0,1724.0
182,Groningen,6430.0,1697.0
183,Eindhoven,6383.0,1801.0
184,Brussels,6319.0,1838.0
185,Brugge,6270.0,1821.0
186,Antwerpen,6303.0,1805.0
187,Namur,6332.0,1873.0
188,Bastogne,6360.0,1879.0
189,Luxemburg,6371.0,1908.0
190,Cork,5655.0,1714.0
191,Dublin,5764.0,1590.0
192,Waterford,5736.0,1675.0
193,Galway,5630.0,1605.0
194,Belfast,5769.0,1489.0
195,Lisbon,5469.0,2601.0
196,Oporto,5539.0,2419.0
197,Coimbra,5531.0,2540.0
198,Viseu,5599.0,2506.0
199,Beja,5541.0,2642.0
200,Faro,5513.0,2741.0
201,Reykjavík,5335.0,1034.0
202,Akureyri,5430.0,956.0
203,Höfn,5547.0,1019.0
204,Tirana,7115.0,2530.0
205,Vlore,7112.0,2616.0
206,Tucson,1886.0,2564.0
207,Phoenix,1828.0,2468.0
208,Flagstaff,1876.0,2377.0
209,Chinle,1947.0,2308.0
210,Kingman,1772.0,2329.0
211,Safford,1932.0,2509.0
212,Prescott,1779.0,2404.0
213,Yuma,1709.0,2518.0
214,Billings,2023.0,1671.0
215,Great Falls,1846.0,1528.0
216,Broadus,2161.0,1701.0
217,Miles City,2114.0,1604.0
218,Plentywood,2184.0,1482.0
219,Havre,1931.0,1491.0
220,Missoula,1722.0,1557.0
221,Bozeman,1873.0,1687.0
222,Helena,1799.0,1613.0
223,Taunton,5890.0,1821.0
224,Bristol,5954.0,1776.0
225,Plymouth,5853.0,1870.0
226,Portsmouth,6028.0,1833.0
227,Ashford,6106.0,1820.0
228,Ipswich,6152.0,1725.0
229,Cambridge,6087.0,1717.0
230,Birmingham,5970.0,1681.0
231,Cardiff,5909.0,1768.0
232,Liverpool,5931.0,1615.0
233,Shrewsbury,5905.0,1667.0
234,Sheffield,6020.0,1623.0
235,Leeds,6017.0,1581.0
236,Carlisle,5928.0,1470.0
237,York,6046.0,1548.0
238,Glasgow,5843.0,1397.0
239,Aberdeen,5959.0,1278.0
240,St. John's,4774.0,1555.0
241,Inverness,5840.0,1268.0
242,Thurso,5848.0,1147.0
243,Venice,6683.0,2256.0
244,Turin,6449.0,2301.0
245,Rome,6698.0,2541.0
246,Naples,6810.0,2619.0
247,Verona,6602.0,2260.0
248,Genoa,6507.0,2358.0
249,Bologna,6626.0,2330.0
250,Milan,6507.0,2262.0
251,Cuneo,6432.0,2360.0
252,Parma,6565.0,2314.0
253,Florence,6615.0,2400.0
254,San Marino,6688.0,2374.0
255,Cagliari,6514.0,2653.0
256,Palermo,6761.0,2835.0
257,Civitavecchia,6669.0,2513.0
258,Perugia,6704.0,2462.0
259,Pescara,6790.0,2494.0
260,Latina,6726.0,2568.0
261,Cassino,6789.0,2574.0
262,Bari,6958.0,2616.0
263,Foggia,6869.0,2572.0
264,Salerno,6836.0,2626.0
265,Potenza,6901.0,2643.0
266,Catanzaro,6936.0,2763.0
267,Paris,6208.0,1982.0
268,Bordeaux,6014.0,2242.0
269,Marseille,6325.0,2416.0
270,Lyon,6303.0,2231.0
271,Brest,5867.0,1971.0
272,Le Havre,6131.0,1918.0
273,Ajaccio,6507.0,2497.0
274,Lille,6241.0,1849.0
275,Nantes,5994.0,2065.0
276,La Rochelle,6019.0,2165.0
277,Toulouse,6150.0,2373.0
278,Bayonne,5961.0,2325.0
279,Tarbes,6059.0,2369.0
280,Orléans,6179.0,2028.0
281,Bourges,6207.0,2107.0
282,Mâcon,6306.0,2192.0
283,Dijon,6334.0,2116.0
284,Strasbourg,6394.0,2036.0
285,Nancy,6338.0,1990.0
286,Reims,6263.0,1958.0
287,Auxerre,6275.0,2047.0
288,Le Mans,6074.0,2009.0
289,Poitiers,6126.0,2141.0
290,Limoges,6147.0,2211.0
291,Saint Étienne,6273.0,2271.0
292,Avignon,6285.0,2359.0
293,Grenoble,6368.0,2324.0
294,Madrid,5822.0,2564.0
295,Murcia,5907.0,2751.0
296,Sevilla,5643.0,2743.0
297,Bilbao,5872.0,2351.0
298,Barcelona,6115.0,2539.0
299,Lugo,5619.0,2301.0
300,Vigo,5554.0,2327.0
301,León,5783.0,2382.0
302,Pamplona,5935.0,2398.0
303,Zaragoza,5976.0,2523.0
304,Lleida,6051.0,2507.0
305,Valencia,5945.0,2681.0
306,Cuenca,5883.0,2606.0
307,Malaga,5689.0,2812.0
308,Cádiz,5617.0,2822.0
309,Cáceres,5638.0,2613.0
310,Budapest,7036.0,2119.0
311,Córdoba,5695.0,2711.0
312,Huelva,5574.0,2731.0
313,Granada,5764.0,2776.0
314,Toledo,5811.0,2611.0
315,Jaén,5772.0,2727.0
316,Salamanca,5687.0,2514.0
317,Ávila,5757.0,2571.0
318,Valladolid,5781.0,2487.0
319,Zamora,5714.0,2458.0
320,Guymon,2366.0,2286.0
321,Woodward,2462.0,2310.0
322,Oklahoma City,2555.0,2362.0
323,Lawton,2487.0,2410.0
324,Tulsa,2638.0,2320.0
325,McAlester,2636.0,2387.0
326,Norman,2559.0,2389.0
327,Durant,2609.0,2450.0
328,Enid,2518.0,2308.0
329,Ponca City,2579.0,2283.0
330,Miskolc,7141.0,2061.0
331,Vác,7057.0,2080.0
332,Györ,6966.0,2104.0
333,Pécs,7002.0,2200.0
334,Keszthely,6939.0,2155.0
335,Debrecen,7164.0,2116.0
336,Gyula,7143.0,2177.0
337,Timisoara,7183.0,2194.0
338,Bucharest,7388.0,2240.0
339,Iași,7465.0,2055.0
340,Constanța,7452.0,2248.0
341,Tulcea,7482.0,2153.0
342,Chișinău,7520.0,2061.0
343,Botoșani,7415.0,1999.0
344,Deva,7280.0,2182.0
345,Pitești,7332.0,2211.0
346,Reșița,7197.0,2230.0
347,Craiova,7306.0,2280.0
348,Satu Mare,7255.0,2070.0
349,Zalău,7264.0,2130.0
350,Ploiești,7390.0,2206.0
351,Bacău,7434.0,2089.0
352,Suceava,7365.0,2009.0
353,Târgu-Mureș,7355.0,2103.0
354,Zagreb,6895.0,2267.0
355,Dubrovnik,7027.0,2474.0
356,Seattle,1329.0,1565.0
357,Sarajevo,7001.0,2382.0
358,Belgrad,7073.0,2285.0
359,Mostar,6981.0,2432.0
360,Tuzla,7014.0,2330.0
361,Zenica,6971.0,2358.0
362,Banja Luka,6940.0,2317.0
363,Šibenik,6901.0,2403.0
364,Novi Sad,7062.0,2241.0
365,Vršac,7145.0,2260.0
366,Šabac,7027.0,2278.0
367,Slavonski Brod,6978.0,2281.0
368,Maribor,6875.0,2200.0
369,Ljubljana,6797.0,2231.0
370,Rijeka,6816.0,2308.0
371,Zadar,6861.0,2353.0
372,Negotin,7244.0,2314.0
373,Kragujevac,7118.0,2335.0
374,Niš,7184.0,2389.0
375,Skopje,7150.0,2453.0
376,Pristina,7112.0,2421.0
377,Podgorica,7066.0,2481.0
378,Užice,7065.0,2382.0
379,Sofia,7278.0,2397.0
380,Vratsa,7298.0,2352.0
381,Gorna Dzhumaya,7290.0,2463.0
382,Plovdiv,7348.0,2442.0
383,Pleven,7350.0,2330.0
384,Tarnovo,7374.0,2363.0
385,Varna,7432.0,2346.0
386,Burgas,7419.0,2413.0
387,Thessaloniki,7244.0,2579.0
388,Athens,7306.0,2734.0
389,Trikala,7197.0,2652.0
390,Sparti,7252.0,2798.0
391,Ioannina,7159.0,2634.0
392,Xanthi,7326.0,2523.0
393,Kalamaria,7262.0,2593.0
394,Serres,7261.0,2538.0
395,Edessa,7219.0,2548.0
396,Kastoria,7189.0,2559.0
397,Grevena,7189.0,2611.0
398,Kalabaka,7193.0,2637.0
399,Arta,7171.0,2679.0
400,Corfu,7117.0,2669.0
401,Larissa,7226.0,2643.0
402,Volos,7257.0,2659.0
403,Karditsa,7201.0,2671.0
404,Lamia,7239.0,2686.0
405,Patras,7229.0,2743.0
406,Githio,7267.0,2813.0
407,Agrinio,7200.0,2718.0
408,Thiva,7277.0,2718.0
409,Heraklion,7420.0,2929.0
410,Rhodes,7514.0,2780.0
411,Ankara,7714.0,2518.0
412,Istanbul,7488.0,2485.0
413,Adana,7813.0,2663.0
414,Izmir,7453.0,2668.0
415,Kars,8066.0,2373.0
416,Van,8086.0,2471.0
417,Siirt,8027.0,2523.0
418,Erzurum,7979.0,2429.0
419,Ordu,7807.0,2384.0
420,Çorum,7755.0,2470.0
421,Bafra,7730.0,2387.0
422,Bolu,7619.0,2477.0
423,Eskişehir,7605.0,2557.0
424,Bursa,7508.0,2559.0
425,Malatya,7879.0,2490.0
426,Balıkesir,7459.0,2598.0
427,Aydın,7488.0,2691.0
428,Antalya,7605.0,2712.0
429,Mardin,7944.0,2597.0
430,Konya,7655.0,2620.0
431,Kütahya,7557.0,2600.0
432,Mersin,7778.0,2691.0
433,Karaman,7714.0,2686.0
434,Kırşehir,7748.0,2552.0
435,Aksaray,7742.0,2613.0
436,Gaziantep,7858.0,2635.0
437,Çorlu,7443.0,2490.0
438,Portland,1271.0,1645.0
439,Spokane,1534.0,1537.0
440,Boise,1617.0,1833.0
441,Nampa,1586.0,1856.0
442,Idaho Falls,1801.0,1829.0
443,Pocatello,1789.0,1896.0
444,Burley,1684.0,1909.0
445,Carey,1678.0,1844.0
446,Stanley,1683.0,1753.0
447,Baker City,1525.0,1765.0
448,Bend,1415.0,1787.0
449,Eugene,1275.0,1784.0
450,Medford,1296.0,1927.0
451,Salem (OR),1271.0,1691.0
452,Tacoma,1298.0,1606.0
453,Burns,1506.0,1840.0
454,Klamath Falls,1386.0,1917.0
455,Yakima,1405.0,1602.0
456,Everett,1335.0,1530.0
457,Lewiston,1573.0,1632.0
458,Kennewick,1501.0,1649.0
459,Coeur d'Alene,1586.0,1535.0
460,Omak,1470.0,1489.0
461,Vancouver,1279.0,1430.0
462,Bismarck,2396.0,1606.0
463,Sioux Falls,2588.0,1827.0
464,Minneapolis,2767.0,1725.0
465,Fargo,2583.0,1592.0
466,Rochester (MN),2791.0,1807.0
467,Mankato,2663.0,1805.0
468,St. Cloud,2686.0,1685.0
469,Duluth,2818.0,1599.0
470,Bemidji,2687.0,1561.0
471,Alexandria (MN),2622.0,1638.0
472,Grand Forks,2580.0,1512.0
473,Rugby,2440.0,1513.0
474,Williston,2269.0,1519.0
475,Dickinson,2309.0,1616.0
476,Jamestown (ND),2486.0,1609.0
477,Ipswich (SD),2508.0,1719.0
478,Mobridge,2401.0,1704.0
479,Mitchell,2512.0,1827.0
480,Murdo,2399.0,1818.0
481,Redig,2263.0,1729.0
482,Rapid City,2297.0,1803.0
483,Las Vegas,1684.0,2304.0
484,Los Angeles,1518.0,2430.0
485,San Francisco,1309.0,2247.0
486,Sacramento,1362.0,2197.0
487,San Diego,1576.0,2501.0
488,Anaheim,1538.0,2455.0
489,Bakersfield,1460.0,2373.0
490,El Centro,1658.0,2512.0
491,Palm Springs,1646.0,2437.0
492,Henderson,1675.0,2340.0
493,Crystal Springs,1675.0,2234.0
494,Ely,1671.0,2119.0
495,Elko,1605.0,2009.0
496,Battle Mountain,1548.0,2023.0
497,Reno,1461.0,2123.0
498,Eureka,1223.0,2026.0
499,Salinas,1340.0,2282.0
500,Redding,1340.0,2052.0
501,Santa Rosa (CA),1277.0,2158.0
502,Chico,1340.0,2111.0
503,Merced,1402.0,2239.0
504,Fresno,1412.0,2334.0
505,Tonopah,1580.0,2233.0
506,Austin (NV),1553.0,2119.0
507,Olancha,1547.0,2322.0
508,Bishop,1502.0,2227.0
509,Salt Lake City,1836.0,2019.0
510,Denver,2166.0,2076.0
511,Cheyenne,2171.0,1979.0
512,Ogden,1827.0,1976.0
513,Provo,1838.0,2062.0
514,Cedar City,1792.0,2214.0
515,Richfield,1826.0,2132.0
516,Delta,1766.0,2104.0
517,Vernal,1922.0,2037.0
518,Fort Collins,2164.0,2009.0
519,Casper,2100.0,1918.0
520,Gilette,2161.0,1792.0
521,Sheridan,2047.0,1762.0
522,Jackson (WY),1909.0,1820.0
523,Afton,1898.0,1905.0
524,Riverton,2029.0,1899.0
525,Glenwood Springs,2047.0,2064.0
526,Sterling,2286.0,2047.0
527,Colorado Springs,2167.0,2151.0
528,Pueblo,2185.0,2210.0
529,Durango (CO),2012.0,2237.0
530,Blanding,1915.0,2217.0
531,Grand Junction,1973.0,2139.0
532,Kingsport,3293.0,2304.0
533,Pritchett,2266.0,2233.0
534,Aspen,2087.0,2153.0
535,Scottsbluff,2242.0,1964.0
536,Chadron,2260.0,1901.0
537,Valentine,2405.0,1902.0
538,Omaha,2616.0,1977.0
539,Lincoln,2569.0,2009.0
540,Wichita,2531.0,2211.0
541,Davenport,2884.0,1970.0
542,Des Moines,2760.0,1953.0
543,Cedar Rapids,2843.0,1918.0
544,Mason City,2774.0,1867.0
545,Fort Dodge,2707.0,1892.0
546,Red Oak,2666.0,2010.0
547,Ottumwa,2805.0,2011.0
548,Fremont,2570.0,1954.0
549,Avoca,2653.0,1953.0
550,Kearney,2502.0,2016.0
551,North Platte,2400.0,1986.0
552,Colby,2395.0,2076.0
553,Garden City,2403.0,2156.0
554,Hugoton,2376.0,2244.0
555,Hutchinson,2523.0,2164.0
556,Emporia,2600.0,2153.0
557,Wellington (KS),2533.0,2249.0
558,Parsons,2655.0,2240.0
559,Salina,2504.0,2087.0
560,Topeka,2621.0,2083.0
561,Milwaukee,3031.0,1833.0
562,Chicago,3037.0,1942.0
563,Indianapolis,3127.0,2086.0
564,Cleveland,3316.0,1984.0
565,Detroit,3270.0,1894.0
566,Traverse City,3160.0,1740.0
567,Grand Rapids (MI),3146.0,1881.0
568,Toledo (IL),3255.0,1963.0
569,South Bend,3115.0,1962.0
570,Fort Wayne,3168.0,2012.0
571,Cincinnati,3176.0,2132.0
572,Columbus (OH),3233.0,2056.0
573,Nashville,3060.0,2317.0
574,Youngstown,3372.0,2003.0
575,Zanesville,3294.0,2078.0
576,Lancaster,3248.0,2109.0
577,Bloomington,3115.0,2119.0
578,Madison,2960.0,1835.0
579,Green Bay,3036.0,1743.0
580,Eau Claire,2835.0,1727.0
581,Wausau,2933.0,1734.0
582,Marquette,3051.0,1612.0
583,St Louis,2905.0,2172.0
584,Lafayette (IN),3093.0,2057.0
585,Evansville,2977.0,2234.0
586,Kansas City,2705.0,2143.0
587,Champaign,3025.0,2062.0
588,Peoria,2936.0,1998.0
589,Springfield (IL),2936.0,2086.0
590,Rockford,2969.0,1911.0
591,Memphis,2939.0,2369.0
592,Jackson (TN),3001.0,2340.0
593,Knoxville,3140.0,2316.0
594,Chattanooga,3119.0,2376.0
595,Bowling Green,3059.0,2289.0
596,Louisville,3130.0,2215.0
597,El Paso,2079.0,2558.0
598,Prestonsburg,3278.0,2228.0
599,Maryville,2692.0,2069.0
600,Columbia,2783.0,2117.0
601,Jefferson City,2818.0,2175.0
602,Farmington (MO),2899.0,2237.0
603,Springfield (MO),2783.0,2246.0
604,Fayetteville (AR),2733.0,2310.0
605,Conway,2804.0,2382.0
606,Jonesboro,2883.0,2319.0
607,Little Rock,2832.0,2403.0
608,Fort Smith,2711.0,2366.0
609,Crosset,2834.0,2494.0
610,Harrison,2789.0,2305.0
611,Warrensburg,2748.0,2174.0
612,El Dorado,2776.0,2487.0
613,Richmond,3567.0,2241.0
614,Charleston (WV),3339.0,2172.0
615,Abingdon,3315.0,2284.0
616,Norfolk,3617.0,2260.0
617,Charlottesville,3524.0,2178.0
618,Parkersburg,3374.0,2123.0
619,Harrisonburg,3495.0,2148.0
620,Lynchburg,3494.0,2240.0
621,Blacksburg,3399.0,2232.0
622,Lexington (VA),3476.0,2213.0
623,Danville,3462.0,2288.0
624,Asheville,3283.0,2373.0
625,Charlotte,3355.0,2390.0
626,Charleston (SC),3426.0,2507.0
627,Wilmington,3529.0,2424.0
628,Durham,3513.0,2315.0
629,Greensboro,3452.0,2312.0
630,Hickory,3339.0,2363.0
631,Greenville (SC),3295.0,2416.0
632,Fayetteville (NC),3533.0,2384.0
633,Florence (SC),3436.0,2413.0
634,Albuquerque,2104.0,2413.0
635,Van Horn,2151.0,2611.0
636,Del Rio,2308.0,2655.0
637,Mc Allen,2412.0,2864.0
638,Houston,2670.0,2698.0
639,Santa Fe,2130.0,2354.0
640,Farmington (NM),2012.0,2301.0
641,Santa Rosa (NM),2187.0,2418.0
642,Amarillo,2351.0,2403.0
643,Hot Springs,2057.0,2458.0
644,Dallas,2564.0,2539.0
645,Jasper,2710.0,2633.0
646,Fort Worth,2536.0,2562.0
647,Lubbock,2342.0,2491.0
648,Midland,2312.0,2574.0
649,Austin,2497.0,2653.0
650,Victoria (TX),2557.0,2733.0
651,Huntsville (TX),2620.0,2627.0
652,Coro,3489.0,3646.0
653,Tyler,2640.0,2555.0
654,Wichita Falls,2483.0,2477.0
655,Roswell,2195.0,2484.0
656,Dalhart,2283.0,2330.0
657,San Antonio,2451.0,2702.0
658,Corpus Christi,2484.0,2774.0
659,Brownwood,2442.0,2603.0
660,Anchorage,780.0,981.0
661,Fairbanks,793.0,703.0
662,McCarthy,904.0,941.0
663,Prudhoe Bay,784.0,419.0
664,Barrow,456.0,404.0
665,Nome,214.0,721.0
666,Aniak,553.0,863.0
667,Perryville,330.0,1142.0
668,Fort St. John,1420.0,1077.0
669,Prince George,1379.0,1219.0
670,Kelowna,1444.0,1398.0
671,Skagway,1037.0,958.0
672,Fort Nelson,1366.0,937.0
673,Kamloops,1354.0,1337.0
674,Whistler,1248.0,1376.0
675,Terrace,1183.0,1227.0
676,Smithers,1290.0,1194.0
677,Iskut,1145.0,1085.0
678,Cassiar,1144.0,952.0
679,Toad River,1249.0,946.0
680,Nanaimo,1203.0,1446.0
681,Victoria (BC),1236.0,1472.0
682,Prince Rupert,1127.0,1222.0
683,Kitimat,1176.0,1282.0
684,Hazelton,1268.0,1132.0
685,Mackenzie,1365.0,1123.0
686,Wonowon,1366.0,1041.0
687,Cranbrook,1567.0,1398.0
688,Vernon,1459.0,1359.0
689,Golden,1553.0,1318.0
690,Williams Lake,1379.0,1277.0
691,Calgary,1671.0,1291.0
692,Edmonton,1683.0,1137.0
693,Red Deer,1675.0,1220.0
694,Lethbridge,1729.0,1382.0
695,Medicine Hat,1889.0,1346.0
696,Brooks,1790.0,1295.0
697,Hanna,1829.0,1225.0
698,Vegreville,1782.0,1115.0
699,Vermilion,1862.0,1113.0
700,Fort McMurray,1883.0,947.0
701,Lac la Biche,1857.0,1017.0
702,Iquitos,3329.0,4321.0
703,Peerless Lake,1734.0,953.0
704,Peace River,1583.0,975.0
705,Grand Prairie,1487.0,1104.0
706,Whitecourt,1606.0,1129.0
707,Banff,1606.0,1275.0
708,Grand Cache,1491.0,1160.0
709,Worsley,1479.0,963.0
710,Boyle,1722.0,1048.0
711,Cardston,1710.0,1424.0
712,Claresholm,1697.0,1342.0
713,Taber,1782.0,1369.0
714,Regina,2223.0,1337.0
715,Saskatoon,2117.0,1217.0
716,Prince Albert,2165.0,1110.0
717,N. Battleford,1996.0,1144.0
718,La Ronge,2172.0,1032.0
719,Tisdale,2250.0,1132.0
720,Nipawin,2252.0,1069.0
721,Estevan,2276.0,1398.0
722,Yorkton,2304.0,1264.0
723,Moose Jaw,2152.0,1346.0
724,Swift Current,2028.0,1363.0
725,Kindersley,1976.0,1248.0
726,Rosetown,2039.0,1251.0
727,Meadow Lake,1985.0,1066.0
728,Rosthern,2135.0,1166.0
729,Humboldt,2210.0,1212.0
730,Archerwill,2285.0,1170.0
731,Davidson,2158.0,1277.0
732,Radisson,2052.0,1166.0
733,Shellbrook,2097.0,1108.0
734,Shell Lake,2044.0,1096.0
735,Beauval,2052.0,1001.0
736,La Loche,1976.0,955.0
737,Dawson,1024.0,687.0
738,Whitehorse,1134.0,866.0
739,Destruction Bay,1032.0,848.0
740,Ross River,1278.0,793.0
741,Nahanni Butte,1384.0,806.0
742,Yellowknife,1669.0,729.0
743,Winnipeg,2559.0,1353.0
744,Brandon,2432.0,1355.0
745,Dauphin,2439.0,1255.0
746,Swan River,2395.0,1137.0
747,Peguis,2566.0,1252.0
748,Steinbach,2607.0,1382.0
749,Snow Lake,2468.0,967.0
750,Shamattawa,2895.0,980.0
751,Thompson,2652.0,943.0
752,Grand Rapids,2569.0,1089.0
753,La Brochet,2393.0,839.0
754,Whale Cove,3190.0,869.0
755,Baker Lake,2763.0,755.0
756,Toronto,3465.0,1811.0
757,Sudbury,3378.0,1613.0
758,Thunder Bay,2943.0,1495.0
759,Moosonee,3354.0,1337.0
760,Timmins,3350.0,1472.0
761,New York,3742.0,2012.0
762,Boston,3883.0,1901.0
763,Fort Severn,3027.0,1119.0
764,Winisk,3212.0,1160.0
765,Wabitigweyaang,2806.0,1235.0
766,Ignance,2899.0,1444.0
767,Kenora,2733.0,1355.0
768,Nipigon,3036.0,1435.0
769,Sault Ste. Marie,3237.0,1615.0
770,North Bay,3429.0,1634.0
771,Kawartha Lakes,3487.0,1764.0
772,Ottawa,3627.0,1726.0
773,Huntsville,3484.0,1700.0
774,Hamilton (ON),3430.0,1844.0
775,Montréal,3725.0,1696.0
776,Engelhart,3427.0,1530.0
777,Gogama,3345.0,1541.0
778,Cochrane,3359.0,1430.0
779,Wawa,3218.0,1544.0
780,Hearst,3264.0,1389.0
781,Geraldton (ON),3147.0,1404.0
782,Fort Hope,3056.0,1314.0
783,Sioux Lookout,2884.0,1329.0
784,Québec,3851.0,1583.0
785,Saguenay,3888.0,1470.0
786,Sherbrooke,3819.0,1711.0
787,Victoriaville,3827.0,1651.0
788,Shawinigan,3786.0,1602.0
789,Rouyn-Noranda,3458.0,1502.0
790,Saint-Jérôme,3690.0,1671.0
791,La Tuque,3771.0,1531.0
792,Rimouski,4031.0,1475.0
793,Val-d'Or,3617.0,1495.0
794,Kipawa,3495.0,1602.0
795,La Sarre,3495.0,1420.0
796,Kitcisakik,3640.0,1560.0
797,Salluit,3961.0,900.0
798,Sakami,3729.0,1200.0
799,Happy Valley-Goose Bay,4408.0,1229.0
800,Sept-Îles,4135.0,1371.0
801,Kuujjuaq,4163.0,1060.0
802,Mistissini,3939.0,1301.0
803,Eastmain,3543.0,1287.0
804,Caniapiscau,4028.0,1155.0
805,Aklavik,1394.0,573.0
806,Old Crow,1034.0,482.0
807,Fort Reliance,1985.0,754.0
808,Snowdrift,1843.0,748.0
809,Bathurst Inlet,2189.0,699.0
810,Coppermine,1719.0,604.0
811,Philadelphia,3649.0,2096.0
812,Washington,3598.0,2147.0
813,Pittsburgh,3430.0,2054.0
814,Rochester (NY),3543.0,1875.0
815,Baltimore,3604.0,2117.0
816,Johnstown,3504.0,2054.0
817,Princeton,3693.0,2057.0
818,Harrisburg,3602.0,2049.0
819,Scranton,3671.0,1983.0
820,Syracuse,3634.0,1862.0
821,Binghamton,3640.0,1918.0
822,Providence,3862.0,1948.0
823,Worcester,3835.0,1896.0
824,Hartford,3787.0,1940.0
825,New Haven,3779.0,1986.0
826,Atlantic City,3664.0,2158.0
827,Erie,3423.0,1953.0
828,Lewisburg,3594.0,1990.0
829,State College,3537.0,1990.0
830,Bangor,3978.0,1742.0
831,Portland (ME),3916.0,1798.0
832,Manchester (NH),3851.0,1853.0
833,Albany (NY),3734.0,1861.0
834,Kingston (NY),3723.0,1928.0
835,Burlington,3761.0,1784.0
836,Watertown,3640.0,1803.0
837,Miami,3422.0,2882.0
838,Atlanta,3221.0,2452.0
839,Jacksonville,3347.0,2645.0
840,New Orleans,2935.0,2679.0
841,Lafayette (LA),2824.0,2659.0
842,Shreveport,2762.0,2542.0
843,Jackson,2906.0,2553.0
844,Oxford,2951.0,2437.0
845,Hattiesburg,2939.0,2616.0
846,Huntsville (AL),3060.0,2427.0
847,Birmingham (AL),3040.0,2486.0
848,Montgomery,3055.0,2557.0
849,Meridian,2971.0,2553.0
850,Athens (GA),3257.0,2448.0
851,Marietta,3198.0,2435.0
852,Macon,3260.0,2529.0
853,Savannah,3354.0,2562.0
854,Columbus (GA),3173.0,2529.0
855,Dothan,3121.0,2588.0
856,Tallahassee,3199.0,2646.0
857,Fredericton,4093.0,1675.0
858,Moncton,4191.0,1639.0
859,Yarmouth,4147.0,1792.0
860,New Glasgow,4326.0,1691.0
861,Valdosta,3283.0,2618.0
862,Albany (GA),3218.0,2570.0
863,Gainesville,3322.0,2687.0
864,Orlando,3365.0,2765.0
865,Tampa,3311.0,2785.0
866,Fort Myers,3350.0,2873.0
867,Mobile,3011.0,2623.0
868,Panama City,3131.0,2637.0
869,Tijuana,1582.0,2548.0
870,Ensenada,1597.0,2593.0
871,La Suerte,1643.0,2649.0
872,San Ignacio,1765.0,2842.0
873,Punta Prieta,1684.0,2720.0
874,La Paz (MX),1902.0,3027.0
875,Loreto,1833.0,2900.0
876,Chihuahua,2100.0,2707.0
877,Hermosillo,1890.0,2704.0
878,Monterey,2343.0,2897.0
879,Mazatlan,2037.0,3056.0
880,Mérida,2821.0,3186.0
881,Veracruz,2520.0,3322.0
882,Mexico City,2390.0,3276.0
883,Acapulco,2360.0,3422.0
884,Tepic,2098.0,3157.0
885,San Luis Potosi,2255.0,3092.0
886,Tampico,2390.0,3089.0
887,Puerto Vallarta,2087.0,3225.0
888,Guadalajara,2197.0,3207.0
889,Irapuato,2272.0,3186.0
890,Poza Rica,2418.0,3192.0
891,Xalapa Enríquez,2465.0,3272.0
892,Escárcega,2766.0,3352.0
893,Chilpancingo,2374.0,3368.0
894,San Juan del Río,2334.0,3196.0
895,Morelia,2269.0,3274.0
896,Colima,2187.0,3316.0
897,Petatlán,2287.0,3383.0
898,San Marcos,2403.0,3426.0
899,Córdoba (MX),2471.0,3339.0
900,Oaxaca,2486.0,3430.0
901,Villahermosa,2653.0,3365.0
902,Coatzacoalcos,2575.0,3358.0
903,Tuxtepec,2533.0,3390.0
904,Tuxtla Gutiérrez,2627.0,3484.0
905,Palenque,2694.0,3416.0
906,Campeche,2780.0,3251.0
907,Cancún,2929.0,3175.0
908,Valladolid (MX),2871.0,3211.0
909,Chetumal,2850.0,3337.0
910,Elfin Cove,1012.0,1034.0
911,Benito Juárez,2059.0,2653.0
912,Caborca,1791.0,2620.0
913,Navojoa,1896.0,2824.0
914,Los Mochis,1935.0,2915.0
915,Culiacán Rosales,1993.0,2977.0
916,Delicias,2126.0,2746.0
917,Ures,1918.0,2668.0
918,Ciudad Cuauhtémoc,2057.0,2724.0
919,Creel,1983.0,2778.0
920,Piedras Negras,2297.0,2698.0
921,Monclova,2275.0,2809.0
922,Reynosa,2392.0,2889.0
923,Ciudad Victoria,2373.0,2978.0
924,Saltillo,2289.0,2907.0
925,Matehuala,2291.0,2980.0
926,Fresnillo,2190.0,2996.0
927,Torreón,2181.0,2908.0
928,Durango,2098.0,3012.0
929,Hidalgo del Parral,2094.0,2811.0
930,El Hundido,2223.0,2831.0
931,Rodeo,2101.0,2918.0
932,Belize City,2811.0,3464.0
933,Belmopan,2774.0,3477.0
934,Guatemala,2733.0,3585.0
935,San Pedro Sula,2835.0,3539.0
936,San Miguel,2798.0,3620.0
937,San Jose,2920.0,3787.0
938,Managua,2876.0,3699.0
939,Tegucigalpa,2874.0,3601.0
940,La Palma,3101.0,3846.0
941,David,2965.0,3848.0
942,Havanna,3359.0,3068.0
943,Pinar del Río,3299.0,3088.0
944,Cienfuegos,3440.0,3101.0
945,Camagüey,3554.0,3162.0
946,Santa Clara,3458.0,3088.0
947,Santiago d. C.,3602.0,3205.0
948,Rio Branco,3569.0,4564.0
949,Guantánamo,3632.0,3202.0
950,Bayamo,3581.0,3183.0
951,Santo Domingo,3871.0,3290.0
952,Higüey,3908.0,3287.0
953,Azua,3827.0,3290.0
954,Port-au-Prince,3770.0,3298.0
955,San Juan,4020.0,3309.0
956,Kingston,3585.0,3308.0
957,Montego Bay,3534.0,3293.0
958,Bogota,3247.0,3965.0
959,Barranquilla,3254.0,3673.0
960,Medellín,3179.0,3885.0
961,Pasto,3136.0,4076.0
962,La Pedrera,3478.0,4173.0
963,Pacoa,3409.0,4135.0
964,Mitú,3445.0,4059.0
965,Puerto Iñírida,3571.0,4016.0
966,La Primavera,3452.0,3895.0
967,Valledupar,3305.0,3696.0
968,Manizales,3178.0,3918.0
969,Cali,3164.0,4002.0
970,Tumaco,3081.0,4069.0
971,Florencia,3193.0,4073.0
972,Puerto Leguizamo,3281.0,4141.0
973,Neiva,3218.0,4015.0
974,Tunja,3268.0,3917.0
975,San José del Guaviare,3339.0,4033.0
976,Montería,3212.0,3755.0
977,Bucaramanga,3306.0,3797.0
978,Turbo,3150.0,3838.0
979,Puerto Berrio,3234.0,3859.0
980,Yopal,3341.0,3947.0
981,Espinar,3365.0,4719.0
982,Cumaribo,3488.0,3946.0
983,Boavita,3326.0,3878.0
984,Quito,3081.0,4142.0
985,Nueva Loja,3149.0,4157.0
986,Guayaquil,3029.0,4246.0
987,Manta,2997.0,4202.0
988,Ambato,3081.0,4197.0
989,Esmeraldas,3040.0,4121.0
990,Cuenca (EC),3069.0,4301.0
991,Lononaco,3222.0,4182.0
992,Puerto Pardo,3140.0,4295.0
993,Boca,3290.0,4221.0
994,Merritt,1348.0,1381.0
995,Carcross,1123.0,895.0
996,Tarapoto,3221.0,4418.0
997,Lima,3163.0,4632.0
998,Piura,3005.0,4392.0
999,Chiclayo,3062.0,4441.0
1000,Trujillo,3101.0,4525.0
1001,Chincha Alta,3221.0,4698.0
1002,Tacna,3454.0,4838.0
1003,Arequipa,3375.0,4772.0
1004,Puno,3473.0,4754.0
1005,P. Maldonado,3476.0,4668.0
1006,Cusco,3348.0,4681.0
1007,Ayacucho,3299.0,4653.0
1008,Huancayo,3250.0,4620.0
1009,Alerta,3378.0,4595.0
1010,Tocache,3222.0,4513.0
1011,Jaén (PE),3116.0,4386.0
1012,Lagunas,3240.0,4334.0
1013,Nauta,3292.0,4414.0
1014,Pucallpa,3283.0,4515.0
1015,Pebas,3404.0,4275.0
1016,Nasca,3286.0,4748.0
1017,Maracaibo,3393.0,3679.0
1018,Valera,3432.0,3742.0
1019,San Cristóbal,3374.0,3768.0
1020,Barquisimeto,3499.0,3692.0
1021,Valencia (VE),3564.0,3697.0
1022,Caracas,3622.0,3684.0
1023,Cumaná,3731.0,3697.0
1024,Maturín,3796.0,3721.0
1025,Ciudad Bolívar,3835.0,3788.0
1026,Calabozo,3599.0,3770.0
1027,Canaima,3823.0,3844.0
1028,Urimán,3831.0,3925.0
1029,Firiña,3706.0,3904.0
1030,Zaraza,3677.0,3751.0
1031,Guarataro,3755.0,3794.0
1032,San Juan de Manapiare,3614.0,3903.0
1033,Tamatama,3646.0,3992.0
1034,La Esmeralda,3671.0,3996.0
1035,Bruno,3641.0,4032.0
1036,Machiques,3357.0,3701.0
1037,Barinas,3465.0,3761.0
1038,Arismendi,3560.0,3785.0
1039,Elorza,3499.0,3814.0
1040,Maripa,3679.0,3810.0
1041,Parguaza,3600.0,3852.0
1042,Paramaribo,4137.0,3891.0
1043,Georgetown,4002.0,3848.0
1044,Cayenne,4240.0,3909.0
1045,Bienvenue,4239.0,4005.0
1046,Lelydorp,4134.0,3920.0
1047,Apetina,4155.0,3991.0
1048,Kwakwani,4036.0,3924.0
1049,Kumaka,4017.0,3972.0
1050,Baramita,3909.0,3858.0
1051,Dadanawa,3975.0,4013.0
1052,Nuuk,4775.0,856.0
1053,Nicholls Town,3490.0,2970.0
1054,Congo Town,3515.0,2990.0
1055,Nueva Gerona,3337.0,3121.0
1056,Nassau,3507.0,2954.0
1057,Hilo,817.0,3281.0
1058,Lahaina,763.0,3192.0
1059,Honululu,689.0,3153.0
1060,Lihue,614.0,3108.0
1061,Johnston Atoll,185.0,3277.0
1062,Sand Island,46.0,2644.0
1063,Eastern Island,91.0,2642.0
1064,La Paz,3543.0,4799.0
1065,Coarí,3560.0,4087.0
1066,Içana,3615.0,4111.0
1067,Taraquá,3540.0,4127.0
1068,Benjamin Constant,3476.0,4346.0
1069,Eirunepé,3419.0,4444.0
1070,Envira,3489.0,4514.0
1071,Jutaí,3577.0,4353.0
1072,Pauini,3595.0,4451.0
1073,Boca do Acre,3634.0,4529.0
1074,Concórdia,3653.0,4305.0
1075,São Paulo de Olivença,3537.0,4239.0
1076,Manaus,3913.0,4264.0
1077,Manicoré,3840.0,4375.0
1078,Itacoatiara,3976.0,4286.0
1079,Urucará,3976.0,4203.0
1080,Moura,3849.0,4233.0
1081,Barcelos,3767.0,4166.0
1082,Maraã,3675.0,4199.0
1083,Tefé,3728.0,4286.0
1084,Coari,3803.0,4312.0
1085,Borba,3914.0,4319.0
1086,Novo Aripuanã,3893.0,4353.0
1087,Humaitá,3802.0,4485.0
1088,Canutama,3764.0,4427.0
1089,Sumaúma,3936.0,4499.0
1090,Prainha,3885.0,4429.0
1091,Miriti,3972.0,4394.0
1092,Sucundurí,3949.0,4433.0
1093,Codajás,3777.0,4243.0
1094,Boa Vista,3935.0,3959.0
1095,Tomar,3717.0,4154.0
1096,Porto Velho,3758.0,4548.0
1097,Cujubim,3820.0,4573.0
1098,Jaru,3775.0,4602.0
1099,Cacoal,3840.0,4645.0
1100,São Francisco do Guaporé,3772.0,4655.0
1101,Abunã,3712.0,4565.0
1102,Caracaraí,3897.0,4033.0
1103,Macapá,4301.0,4145.0
1104,Belém,4427.0,4245.0
1105,Santarém,4158.0,4255.0
1106,Marabá,4364.0,4384.0
1107,Parauapebas,4316.0,4442.0
1108,Itaituba,4090.0,4355.0
1109,Matane,4109.0,1447.0
1110,Rivière-du-Loup,3971.0,1529.0
1111,Cap-Haïtien,3771.0,3248.0
1112,Lisboa,3220.0,4261.0
1113,Cajamarca,3134.0,4466.0
1114,Chimbote,3123.0,4570.0
1115,Shintuya,3386.0,4654.0
1116,Camaná,3331.0,4804.0
1117,São Luís,4646.0,4269.0
1118,Fortaleza,4889.0,4332.0
1119,Teresina,4696.0,4388.0
1120,Natal,5033.0,4432.0
1121,Pinheiro,4579.0,4251.0
1122,Imperatriz,4470.0,4393.0
1123,Balsas,4535.0,4485.0
1124,Corrente,4548.0,4609.0
1125,Floriano,4690.0,4444.0
1126,Canto do Buriti,4739.0,4485.0
1127,Uruçuí,4622.0,4463.0
1128,São Raimundo Nonato,4661.0,4546.0
1129,Barra do Corda,4613.0,4391.0
1130,Bacabal,4632.0,4330.0
1131,Grajaú,4532.0,4406.0
1132,Buriticupu,4521.0,4320.0
1133,Sobral,4806.0,4327.0
1134,Parnaíba,4728.0,4284.0
1135,Piripiri,4737.0,4363.0
1136,Maracanaú,4885.0,4361.0
1137,Mossoró,4967.0,4413.0
1138,Caicó,4963.0,4472.0
1139,Parnamirim,5031.0,4466.0
1140,Crateús,4806.0,4397.0
1141,Picos,4787.0,4461.0
1142,Iguatu,4872.0,4446.0
1143,Juazeiro d. N.,4872.0,4498.0
1144,Morros,4503.0,4582.0
1145,Araguaína,4395.0,4476.0
1146,Miracema,4392.0,4607.0
1147,Alvorada,4346.0,4694.0
1148,Guarai,4401.0,4557.0
1149,Arraias,4436.0,4707.0
1150,Pium,4345.0,4623.0
1151,Estrema,4439.0,4626.0
1152,Recife,4979.0,4610.0
1153,Campina Grande,5006.0,4509.0
1154,Maceió,4911.0,4671.0
1155,Ouricuri,4791.0,4548.0
1156,Salta,3690.0,5208.0
1157,Córdoba (AR),3788.0,5445.0
1158,Buenos Aires,3968.0,5612.0
1159,Mendoza,3550.0,5500.0
1160,Bahía Blanca,3828.0,5779.0
1161,Mar del Plata,3989.0,5746.0
1162,Tandil,3924.0,5673.0
1163,Calilegua,3755.0,5161.0
1164,Cafayate,3619.0,5282.0
1165,San Rafael,3583.0,5564.0
1166,La Reforma,3663.0,5647.0
1167,Santa Rosa,3766.0,5679.0
1168,Lusaka,7420.0,5034.0
1169,Urucu,3729.0,4342.0
1170,Lábrea,3742.0,4483.0
1171,Meditação,3810.0,4411.0
1172,Bragança,4485.0,4192.0
1173,Boate,4466.0,4274.0
1174,Tucuruí,4358.0,4304.0
1175,Primavera,4320.0,4518.0
1176,Cachimbo,4174.0,4518.0
1177,Airi,4020.0,4460.0
1178,Vitória (BR),4212.0,4293.0
1179,São Félix,4220.0,4439.0
1180,Natal (BR),4135.0,4423.0
1181,Alenquer,4141.0,4199.0
1182,Amapá,4339.0,4056.0
1183,Cachorrinho,4254.0,4104.0
1184,Tacalé,4157.0,4080.0
1185,Estrela,3983.0,4108.0
1186,Samaumeira,4046.0,4166.0
1187,Santa Maria do Boiaçu,3851.0,4160.0
1188,Monte Alegre,4212.0,4216.0
1189,São Marcos,3911.0,3935.0
1190,Fondlándia,4124.0,4293.0
1191,Muaná,4388.0,4195.0
1192,Sousel,4269.0,4280.0
1193,Akotipa,4080.0,4079.0
1194,Mazagão,4320.0,4199.0
1195,Amajari,3770.0,3984.0
1196,Cochabamba,3641.0,4871.0
1197,Santa Cruz S.,3830.0,4922.0
1198,Trinidad,3700.0,4736.0
1199,Tarija,3711.0,5022.0
1200,Oruro,3608.0,4885.0
1201,Uyuni,3621.0,4995.0
1202,San Pablo,3632.0,5047.0
1203,Patacamaya,3558.0,4834.0
1204,Caranavi,3562.0,4771.0
1205,Rurrenabaque,3572.0,4715.0
1206,Sena,3579.0,4642.0
1207,Riberalta,3649.0,4609.0
1208,San Ramon,3703.0,4687.0
1209,Casarabe,3747.0,4745.0
1210,El Puente,3846.0,4863.0
1211,San José de Chiquitos,3909.0,4930.0
1212,Camiri,3854.0,5036.0
1213,Curichi,3929.0,4996.0
1214,Valle Grande,3796.0,4960.0
1215,Sucre,3701.0,4893.0
1216,Potosí,3660.0,4947.0
1217,Arcopongo,3608.0,4807.0
1218,Chimoré,3673.0,4820.0
1219,Felicidad,3857.0,4756.0
1220,San Juan (BO),3943.0,4849.0
1221,Goiânia,4304.0,4840.0
1222,Cuiabá,4109.0,4769.0
1223,Sinop,4108.0,4639.0
1224,Formosa,4417.0,4819.0
1225,Rodonópolis,4167.0,4834.0
1226,Cáceres (BR),4034.0,4798.0
1227,Nova Mutum,4109.0,4732.0
1228,Colíder,4103.0,4594.0
1229,Aripuanã,3903.0,4556.0
1230,Brasnorte,4025.0,4662.0
1231,Comodoro,3963.0,4757.0
1232,Tangará da Serra,4044.0,4732.0
1233,Xingu,4194.0,4602.0
1234,Confresa,4269.0,4616.0
1235,Sorriso,4104.0,4677.0
1236,Primavera do Leste,4180.0,4762.0
1237,Barra do Garças,4251.0,4777.0
1238,Rio Verde,4252.0,4868.0
1239,Catalão,4369.0,4923.0
1240,Porangatu,4343.0,4764.0
1241,Anápolis,4349.0,4832.0
1242,Quirinópolis,4258.0,4945.0
1243,Tanguro,4202.0,4684.0
1244,Queréncia,4258.0,4685.0
1245,Apiacás,4013.0,4553.0
1246,Juína,3933.0,4621.0
1247,Porto Alegre,4271.0,5417.0
1248,Curitiba,4362.0,5289.0
1249,Londrina,4250.0,5152.0
1250,Cascavel,4187.0,5213.0
1251,Pelotas,4222.0,5484.0
1252,Gramado,4291.0,5398.0
1253,Florianópolis,4364.0,5338.0
1254,Maringá,4222.0,5162.0
1255,Umuarama,4182.0,5185.0
1256,Ponta Grossa,4325.0,5263.0
1257,Guarapuava,4258.0,5278.0
1258,Pato Branco,4197.0,5278.0
1259,Apucarana,4245.0,5177.0
1260,Caçador,4304.0,5298.0
1261,Chapecó,4212.0,5307.0
1262,Santa Cruz do Sul,4233.0,5406.0
1263,Santa Maria,4177.0,5402.0
1264,Alegrete,4087.0,5395.0
1265,Passo Fundo,4215.0,5353.0
1266,Santo Ângelo,4147.0,5346.0
1267,Lages,4296.0,5343.0
1268,Montevideo,4064.0,5601.0
1269,Melo,4150.0,5523.0
1270,Rocha,4125.0,5604.0
1271,Durazno,4044.0,5551.0
1272,Tacuarembó,4059.0,5474.0
1273,Campo Grande,4134.0,5013.0
1274,Dourados,4139.0,5084.0
1275,Miranda,4064.0,5009.0
1276,Coxim,4137.0,4967.0
1277,Água Clara,4200.0,5025.0
1278,Asunción,4035.0,5194.0
1279,San Ignacio (PY),4050.0,5261.0
1280,Caaguazú,4096.0,5201.0
1281,Concepción,4038.0,5142.0
1282,Loma Plata,3960.0,5107.0
1283,São Paulo,4403.0,5208.0
1284,Campinas,4381.0,5181.0
1285,Rio de Janeiro,4534.0,5135.0
1286,Montes Claros,4574.0,4928.0
1287,Vitória,4675.0,5100.0
1288,Belo Horizonte,4531.0,5028.0
1289,Ipatinga,4615.0,5036.0
1290,Bocaiúva,4566.0,4963.0
1291,Linhares,4704.0,5081.0
1292,Eunápolis,4739.0,5003.0
1293,Janaúba,4621.0,4894.0
1294,Unaí,4483.0,4847.0
1295,Paracatu,4473.0,4909.0
1296,Uberlândia,4373.0,4995.0
1297,Bauru,4304.0,5120.0
1298,Araçatuba,4236.0,5088.0
1299,Jales,4280.0,5026.0
1300,Uberaba,4375.0,5040.0
1301,Ribeirão Preto,4379.0,5090.0
1302,Ipateruna,4609.0,5084.0
1303,Juiz de fora,4527.0,5086.0
1304,Taubaté,4436.0,5174.0
1305,Volta Redonda,4493.0,5136.0
1306,Lavras,4453.0,5070.0
1307,Divinópolis,4456.0,5013.0
1308,Itaobim,4655.0,4964.0
1309,Arinos,4551.0,4862.0
1310,Salvador,4828.0,4770.0
1311,Barreiras,4541.0,4712.0
1312,Vitória d. C.,4717.0,4855.0
1313,Feira de Santana,4795.0,4756.0
1314,Jacobina,4723.0,4689.0
1315,Irecê,4639.0,4676.0
1316,Ibotirama,4590.0,4717.0
1317,Formosa do Rio Preto,4518.0,4673.0
1318,Correntina,4516.0,4759.0
1319,Guanambi,4607.0,4793.0
1320,Tremedal,4685.0,4847.0
1321,Brumado,4687.0,4787.0
1322,Itapetinga,4743.0,4883.0
1323,Belmonte,4784.0,4951.0
1324,Ilhéus,4820.0,4862.0
1325,Valença,4821.0,4797.0
1326,Jequié,4743.0,4828.0
1327,Remanso,4634.0,4621.0
1328,Senhor do Bonfim,4722.0,4618.0
1329,Serrinha,4797.0,4724.0
1330,Monte Santo,4793.0,4621.0
1331,Tilcara,3673.0,5149.0
1332,Las Lajitas,3771.0,5239.0
1333,San Juan (AR),3569.0,5448.0
1334,Oberá,4078.0,5315.0
1335,Resistencia,3959.0,5305.0
1336,San Luis,3634.0,5506.0
1337,Río Cuarto,3783.0,5506.0
1338,La Toma,3703.0,5480.0
1339,La Rioja,3641.0,5366.0
1340,Necochea,3880.0,5759.0
1341,Parana,3882.0,5450.0
1342,Villaguay,3965.0,5457.0
1343,Rosario,3882.0,5520.0
1344,Santiago del Estero,3793.0,5349.0
1345,Junín,3890.0,5601.0
1346,Huinca Renancó,3781.0,5585.0
1347,Monte Quemado,3875.0,5250.0
1348,Zapala,3551.0,5647.0
1349,Neuquén,3662.0,5730.0
1350,Lamarque,3754.0,5776.0
1351,San Carlos da Bariloche,3557.0,5831.0
1352,Río Gallegos,3630.0,6308.0
1353,Tres Lagos,3562.0,6208.0
1354,Puerto Deseado,3715.0,6151.0
1355,Perito Moreno,3578.0,6124.0
1356,Comodoro Riva.,3667.0,6064.0
1357,Río Mayo,3608.0,6056.0
1358,Garayalda,3699.0,6028.0
1359,Trelew,3745.0,5964.0
1360,Canguel,3650.0,6016.0
1361,Las Plumas,3676.0,5945.0
1362,San Antonio Oeste,3726.0,5868.0
1363,Esquel,3529.0,5909.0
1364,Tecka,3547.0,5974.0
1365,Cutral-Có,3619.0,5718.0
1366,Viedma,3814.0,5872.0
1367,Los Menucos,3641.0,5859.0
1368,Los Altares,3624.0,5941.0
1369,Boliche,3669.0,5785.0
1370,Rio Grande,3712.0,6427.0
1371,Santiago,3515.0,5528.0
1372,Temuco,3492.0,5679.0
1373,Punta Arenas,3602.0,6387.0
1374,Copiapó,3523.0,5321.0
1375,Iquique,3517.0,4973.0
1376,Puerto Aysen,3495.0,6017.0
1377,Tortel,3504.0,6162.0
1378,West Falkland,3883.0,6286.0
1379,East Falkland,3961.0,6297.0
1380,Isla Isabela,2774.0,4167.0
1381,Santa Cruz,2801.0,4181.0
1382,Fernandina,2757.0,4167.0
1383,Kalomo,7354.0,5073.0
1384,Mongu,7161.0,5013.0
1385,Abercorn,7548.0,4832.0
1386,Broken Hill,7427.0,4984.0
1387,Zomba,7710.0,5042.0
1388,Nairobi,7819.0,4457.0
1389,Mwatate,7891.0,4538.0
1390,Kisumu,7736.0,4452.0
1391,Entebbe,7614.0,4418.0
1392,Wajir,7961.0,4347.0
1393,Marsabit,7722.0,4340.0
1394,Antsirane,8321.0,4886.0
1395,Cairo,7514.0,3121.0
1396,Siwa,7173.0,3202.0
1397,Sallum,7197.0,3076.0
1398,Aswan,7589.0,3415.0
1399,Kharga,7482.0,3367.0
1400,Arish,7725.0,3056.0
1401,Asyut,7520.0,3242.0
1402,Papeete,1571.0,4725.0
1403,Mo'orea,1482.0,4702.0
1404,Cavalcante,4427.0,4779.0
1405,Morrinhos,4320.0,4889.0
1406,La Victoria,4008.0,5071.0
1407,Puerto Santa Cruz,3656.0,6251.0
1408,Capetown,6935.0,5824.0
1409,Port Elizabeth,7177.0,5822.0
1410,Cradock,7196.0,5783.0
1411,Worcester (ZA),6973.0,5809.0
1412,Johannesburg,7398.0,5471.0
1413,Pretoria,7413.0,5443.0
1414,Mafeking,7325.0,5490.0
1415,Bethlehem,7404.0,5533.0
1416,Ladysmith,7489.0,5547.0
1417,East London,7293.0,5783.0
1418,Springbok,6919.0,5656.0
1419,Calvinia,6962.0,5744.0
1420,Mossel Bay,7049.0,5831.0
1421,Victoria West,7124.0,5763.0
1422,Hopetown,7172.0,5598.0
1423,Bloemfontein,7296.0,5585.0
1424,Kimberley,7231.0,5556.0
1425,De Aar,7161.0,5707.0
1426,Mthatha,7361.0,5743.0
1427,Queenstown,7281.0,5708.0
1428,Durban,7501.0,5623.0
1429,Port Shepstone,7449.0,5689.0
1430,Windhoek,6903.0,5369.0
1431,Rehoboth,6896.0,5418.0
1432,Gobabis,6953.0,5376.0
1433,Otavi,6879.0,5261.0
1434,Grootfontein,6934.0,5234.0
1435,Outjo,6821.0,5285.0
1436,Kalkfontein,6905.0,5570.0
1437,Keetmanshoop,6918.0,5497.0
1438,Bethanie,6840.0,5483.0
1439,Lüderitz,6796.0,5536.0
1440,Walvis Bay,6767.0,5375.0
1441,Solitaire,6832.0,5438.0
1442,Oshakati,6817.0,5159.0
1443,Torra Bay,6718.0,5287.0
1444,Opuwo,6719.0,5178.0
1445,Kapako,7031.0,5144.0
1446,Okongo,6929.0,5155.0
1447,Otjinene,6961.0,5314.0
1448,Osire,6907.0,5315.0
1449,Tsumeb,6887.0,5224.0
1450,Otjimbingwe,6839.0,5342.0
1451,Swakopmund,6759.0,5346.0
1452,Luanda,6709.0,4805.0
1453,Lobito,6735.0,4936.0
1454,Cazombo,7083.0,4910.0
1455,Humbe,6757.0,5103.0
1456,Nova Lisboa,6791.0,4988.0
1457,Silva Porto,6841.0,4993.0
1458,Cassinga,6838.0,5072.0
1459,Sá da Bandeira,6735.0,5053.0
1460,Moçâmedes,6657.0,5066.0
1461,Barraca,6757.0,4821.0
1462,Ambriz,6710.0,4732.0
1463,Malanje,6861.0,4812.0
1464,Lourenço Marques,7566.0,5474.0
1465,Inhambane,7663.0,5407.0
1466,Zambezi,7534.0,5069.0
1467,Memba,7950.0,4980.0
1468,Sofala,7651.0,5238.0
1469,Igarassu,4982.0,4586.0
1470,Serra Talhada,4869.0,4563.0
1471,Nampula,7842.0,5029.0
1472,Quelimane,7777.0,5136.0
1473,Lichinga,7759.0,4977.0
1474,Tete,7644.0,5126.0
1475,Léopoldville,6884.0,4628.0
1476,Ponta Delgada,4947.0,2626.0
1477,Basoko,7196.0,4408.0
1478,Likasi,7296.0,4810.0
1479,Buta,7238.0,4338.0
1480,Niangara,7328.0,4350.0
1481,Menonge,6929.0,5065.0
1482,Stanleyville,7267.0,4418.0
1483,Gemena,7077.0,4330.0
1484,Mbandaka,6994.0,4412.0
1485,Lodja,7228.0,4562.0
1486,Lusambo,7203.0,4665.0
1487,Bukama,7267.0,4759.0
1488,Kapanga,7078.0,4735.0
1489,Kikwit,6973.0,4639.0
1490,Matadi,6748.0,4658.0
1491,Luebo,7099.0,4641.0
1492,Bandundu,6936.0,4576.0
1493,El Minya,7475.0,3170.0
1494,Port Said,7647.0,3043.0
1495,Mut,7359.0,3371.0
1496,Alexandria,7436.0,3086.0
1497,Damanhur,7473.0,3084.0
1498,Hurghada,7670.0,3194.0
1499,Ismailia,7648.0,3115.0
1500,Farafra,7310.0,3227.0
1501,Faiyum,7391.0,3143.0
1502,El Sheb,7391.0,3480.0
1503,Wadi Halfa,7502.0,3540.0
1504,Dongola,7450.0,3605.0
1505,Port Sudan,7794.0,3582.0
1506,Suakin,7816.0,3657.0
1507,El Fasher,7261.0,3770.0
1508,En Nahud,7350.0,3813.0
1509,El Obeid,7424.0,3773.0
1510,El Dueim,7547.0,3766.0
1511,Sinjah,7752.0,3829.0
1512,Sennar,7707.0,3783.0
1513,Khartoum,7621.0,3686.0
1514,Merowe,7524.0,3630.0
1515,Berber,7622.0,3620.0
1516,El Qasr,7329.0,3296.0
1517,Abu Minqar,7238.0,3280.0
1518,Aṣ-ṣaḥrā,7235.0,3474.0
1519,Eastern Sand Sea,7236.0,3394.0
1520,El Alamein,7390.0,3093.0
1521,Marsa Matruh,7328.0,3079.0
1522,Sidi Barrani,7265.0,3074.0
1523,Cara,7288.0,3162.0
1524,Bawiti,7404.0,3211.0
1525,Girga,7538.0,3316.0
1526,Qena,7602.0,3341.0
1527,Berenice,7720.0,3404.0
1528,Safaga,7677.0,3296.0
1529,Madinaty,7558.0,3125.0
1530,Luxor,7587.0,3367.0
1531,Tripoli,6650.0,3078.0
1532,Gharyan,6654.0,3105.0
1533,Misrata,6737.0,3099.0
1534,Sirte,6787.0,3153.0
1535,Benghazi,6975.0,3050.0
1536,Socna,6750.0,3231.0
1537,Qatrun,6737.0,3386.0
1538,Wath,6955.0,3458.0
1539,Al-Jawf,7132.0,3381.0
1540,Buzaymah,7008.0,3370.0
1541,Zaltan,6943.0,3277.0
1542,Jalu,7034.0,3264.0
1543,Giarabub,7096.0,3176.0
1544,Tobruk,7144.0,3042.0
1545,Derna,7070.0,3017.0
1546,Ajdabiya,6979.0,3111.0
1547,Marsa al Brega,6939.0,3199.0
1548,At Tallab,7135.0,3468.0
1549,Timassah,6841.0,3359.0
1550,Ghat,6625.0,3333.0
1551,Sabha,6722.0,3305.0
1552,Ghadames,6562.0,3205.0
1553,Nalut,6546.0,3120.0
1554,Tabonieh,6706.0,3166.0
1555,Zillah,6854.0,3261.0
1556,Waddan,6810.0,3209.0
1557,Bin Jawad,6864.0,3172.0
1558,Kufra,7111.0,3297.0
1559,Adiri,6648.0,3250.0
1560,Tunis,6503.0,2893.0
1561,Gabes,6504.0,3020.0
1562,Sfax,6516.0,2983.0
1563,Tozeur,6416.0,3020.0
1564,Tataouine,6500.0,3081.0
1565,El Kef,6439.0,2918.0
1566,Oran,6006.0,2935.0
1567,Algiers,6157.0,2891.0
1568,Bedouaram,6656.0,3740.0
1569,Tamanrasset,6357.0,3469.0
1570,In Guezzam,6364.0,3579.0
1571,Idlès,6392.0,3410.0
1572,Tinzouatine,6286.0,3523.0
1573,Silet,6271.0,3426.0
1574,Tazrouk,6417.0,3438.0
1575,Illizi,6484.0,3336.0
1576,El Borma,6405.0,3159.0
1577,El Qued,6329.0,3066.0
1578,Bône,6363.0,2884.0
1579,Setif,6227.0,2933.0
1580,Constantine,6308.0,2932.0
1581,Aougrout,6041.0,3196.0
1582,Benoud,6017.0,3081.0
1583,Tlemcen,5965.0,2982.0
1584,Orléansville,6081.0,2918.0
1585,Djelfa,6169.0,2968.0
1586,Bordj Le Prieur,6072.0,3414.0
1587,Tinduf,5770.0,3244.0
1588,Ouargla,6225.0,3098.0
1589,El Menia,6152.0,3160.0
1590,Béchar,5909.0,3144.0
1591,Reggane,5973.0,3308.0
1592,Ain Salah,6154.0,3274.0
1593,Amquid,6306.0,3320.0
1594,Hassi Messaoud,6260.0,3177.0
1595,Saida,6050.0,2993.0
1596,Laghouat,6127.0,3037.0
1597,Biskra,6290.0,2984.0
1598,Djado,6689.0,3518.0
1599,Zinder,6517.0,3810.0
1600,Niamey,6254.0,3842.0
1601,Tahoua,6397.0,3755.0
1602,Aguella,6484.0,3598.0
1603,Agadez,6498.0,3693.0
1604,Fachi,6601.0,3709.0
1605,Bilma,6667.0,3620.0
1606,Yaoundé,6656.0,4287.0
1607,Douala,6552.0,4270.0
1608,Lomié,6753.0,4319.0
1609,Doumé,6802.0,4208.0
1610,Garoua,6758.0,4067.0
1611,Bamenda,6584.0,4186.0
1612,Nanga Eboko,6696.0,4223.0
1613,Tibati,6712.0,4140.0
1614,Tangier,5636.0,2899.0
1615,Fèz,5715.0,3023.0
1616,Agadir,5585.0,3105.0
1617,Marrakech,5684.0,3076.0
1618,Rabat,5624.0,2994.0
1619,Oujda,5874.0,2996.0
1620,Taouz,5779.0,3124.0
1621,Guelmim,5575.0,3160.0
1622,Pofadder,7029.0,5642.0
1623,Fort Salisbury,7525.0,5169.0
1624,Sinoia,7469.0,5146.0
1625,Gwelo,7440.0,5262.0
1626,Tui,7447.0,5369.0
1627,Bulawayo,7395.0,5279.0
1628,Mochudi,7355.0,5421.0
1629,Pietermaritzburg,7453.0,5611.0
1630,Richards Bay,7562.0,5556.0
1631,Aliwal North,7323.0,5653.0
1632,Carnarvon,7054.0,5723.0
1633,Mount Darwin,7556.0,5140.0
1634,Umtali,7567.0,5234.0
1635,Kadoma,7460.0,5204.0
1636,Masvingo,7491.0,5294.0
1637,Gokwe,7382.0,5200.0
1638,Dete,7302.0,5174.0
1639,Gaborone,7292.0,5442.0
1640,Tshabong,7128.0,5522.0
1641,Two Rivers,7008.0,5505.0
1642,Kang,7109.0,5434.0
1643,Kanye,7244.0,5465.0
1644,Kule,7005.0,5402.0
1645,Maun,7164.0,5286.0
1646,Dekar,7077.0,5336.0
1647,Shakawe,7064.0,5197.0
1648,Savuti,7202.0,5194.0
1649,Mopipi,7236.0,5320.0
1650,Francistown,7332.0,5315.0
1651,Molepolole,7259.0,5406.0
1652,Takatokwane,7179.0,5392.0
1653,Jamba,7067.0,5096.0
1654,Kolwezi,7222.0,4814.0
1655,Élisabethville,7335.0,4859.0
1656,Kalemie,7460.0,4696.0
1657,Malonga,7124.0,4839.0
1658,Bukavu,7431.0,4551.0
1659,Kasongo,7338.0,4632.0
1660,Oshwe,7075.0,4553.0
1661,Bunia,7465.0,4427.0
1662,Gama,7294.0,4505.0
1663,Manono,7363.0,4746.0
1664,Lisala,7107.0,4389.0
1665,Dundo,6994.0,4737.0
1666,Uíge,6804.0,4735.0
1667,Cacolo,6936.0,4828.0
1668,Novo Redondo,6740.0,4892.0
1669,Benguela,6703.0,4972.0
1670,Lumbala,7038.0,5015.0
1671,Luso,6971.0,4918.0
1672,Lúbia,6867.0,4899.0
1673,Minendunda,6958.0,5023.0
1674,Lumeje,7007.0,4860.0
1675,Dar es Salaam,7904.0,4717.0
1676,Morogoro,7839.0,4726.0
1677,Tanga,7898.0,4629.0
1678,Mikindani,7944.0,4860.0
1679,Molioro,7901.0,4774.0
1680,Dodoma,7755.0,4670.0
1681,Tabora,7616.0,4635.0
1682,Kigoma,7498.0,4624.0
1683,Uvinza,7546.0,4639.0
1684,Kirambo,7573.0,4597.0
1685,Serayombo,7572.0,4527.0
1686,Gitega,7488.0,4557.0
1687,Igonda,7618.0,4665.0
1688,Utengula,7665.0,4791.0
1689,Kia,7580.0,4732.0
1690,Sabruma,7736.0,4854.0
1691,Nasoro,7855.0,4862.0
1692,Kwiringa,7767.0,4737.0
1693,Donde,7832.0,4801.0
1694,Rungwa,7677.0,4728.0
1695,Kitange,7807.0,4667.0
1696,Kondoa,7764.0,4623.0
1697,Kilimatinde,7699.0,4661.0
1698,Mwansa,7647.0,4556.0
1699,Usambara,7686.0,4506.0
1700,Arusha,7785.0,4556.0
1701,Addis Ababa,7930.0,4067.0
1702,Nekemte,7778.0,4070.0
1703,Gondar,7837.0,3939.0
1704,Banana,6661.0,4664.0
1705,Harar,8089.0,4069.0
1706,Kebri Dehar,8141.0,4158.0
1707,Mustahil,8164.0,4223.0
1708,Dudub,8261.0,4153.0
1709,Afder,8048.0,4230.0
1710,Imi,8052.0,4158.0
1711,Asosa,7709.0,4048.0
1712,Metu,7746.0,4111.0
1713,Jimma,7826.0,4125.0
1714,Ambo,7876.0,4069.0
1715,Bahir Dar,7829.0,3978.0
1716,Debre Markos,7878.0,4008.0
1717,Shire,7861.0,3885.0
1718,Maganan,7770.0,3923.0
1719,Mek'ele,7963.0,3894.0
1720,Djibouti,8068.0,3962.0
1721,AsbeTeferi,7998.0,4062.0
1722,Dessie,7976.0,3968.0
1723,Gijet,7918.0,3911.0
1724,Hudat,7946.0,4234.0
1725,Jinka,7806.0,4200.0
1726,Arba Minch,7881.0,4206.0
1727,Meki,7921.0,4116.0
1728,Degeh Bur,8149.0,4099.0
1729,Goba,7979.0,4140.0
1730,Massawa,7915.0,3786.0
1731,Karkabat,7865.0,3755.0
1732,Assab,8045.0,3872.0
1733,Asmara,7889.0,3806.0
1734,Foro,7930.0,3807.0
1735,Manila,11488.0,3608.0
1736,Mogadishu,8204.0,4330.0
1737,Jamaame,8076.0,4420.0
1738,Buur Hakaba,8160.0,4310.0
1739,Bardere,8061.0,4323.0
1740,Galkayo,8273.0,4218.0
1741,Hargeisa,8152.0,4024.0
1742,Burco,8229.0,4028.0
1743,Bosaso,8377.0,3968.0
1744,Hordio,8450.0,3996.0
1745,Eyl,8375.0,4135.0
1746,Qardho,8325.0,4057.0
1747,Abu Hamad,7703.0,3580.0
1748,Haya,7749.0,3662.0
1749,Ad-Damir,7675.0,3661.0
1750,Darfur,7242.0,3610.0
1751,Abri,7426.0,3547.0
1752,Wad Madani,7649.0,3731.0
1753,Magrur,7525.0,3695.0
1754,Kutum,7226.0,3736.0
1755,Nyala,7246.0,3867.0
1756,Talodi,7467.0,3887.0
1757,Kaduqli,7381.0,3875.0
1758,Rabak,7623.0,3842.0
1759,Surgi,7319.0,3723.0
1760,Lagos,6298.0,4160.0
1761,Dikwa,6763.0,3927.0
1762,Maiduguri,6689.0,3923.0
1763,Kano,6520.0,3931.0
1764,Sokoto,6361.0,3877.0
1765,Garko,6546.0,3971.0
1766,Auyo,6584.0,3906.0
1767,Katsina,6485.0,3880.0
1768,Kaduna,6474.0,4015.0
1769,Minna,6405.0,4044.0
1770,Jos,6482.0,4069.0
1771,Ibadan,6336.0,4119.0
1772,Kukawa,6725.0,3884.0
1773,Libreville,6551.0,4379.0
1774,Sindara,6579.0,4446.0
1775,Loango,6637.0,4616.0
1776,Brazzaville,6810.0,4611.0
1777,Bonga,6891.0,4502.0
1778,Makokou,6649.0,4384.0
1779,Mayoumba,6596.0,4537.0
1780,Loudima,6731.0,4600.0
1781,Tsinguedi,6698.0,4525.0
1782,Franceville,6754.0,4512.0
1783,Ouesso,6812.0,4373.0
1784,Makoua,6777.0,4440.0
1785,Gamboma,6844.0,4534.0
1786,Nola,6891.0,4285.0
1787,Dongou,6951.0,4345.0
1788,Bambari,7046.0,4212.0
1789,Mobaye,7112.0,4252.0
1790,Bangassou,7183.0,4239.0
1791,Yalanga,7168.0,4132.0
1792,Mouka,7079.0,4080.0
1793,Ouanda Djale,7111.0,3995.0
1794,Ndélé,7011.0,4007.0
1795,Bangui,6977.0,4267.0
1796,Ft. Sibut,6981.0,4203.0
1797,Carnot,6880.0,4225.0
1798,Brussaux,6910.0,4044.0
1799,Koundé,6865.0,4161.0
1800,Epéna,6936.0,4408.0
1801,Archambault,6942.0,3926.0
1802,Mao,6794.0,3832.0
1803,Laï,6854.0,3953.0
1804,Haraze,7014.0,3796.0
1805,Faya,6952.0,3605.0
1806,Ain Galakka,6858.0,3556.0
1807,Bardaï,6825.0,3491.0
1808,Fada,7057.0,3621.0
1809,Fort-Lamy,6813.0,3930.0
1810,Moussoro,6888.0,3826.0
1811,Arada,7066.0,3719.0
1812,Ziguei,6832.0,3724.0
1813,Bossangoa,6975.0,4120.0
1814,Ad-Damazin,7707.0,3939.0
1815,Mklama,7710.0,4592.0
1816,Lastoursville,6674.0,4462.0
1817,Sembé,6730.0,4394.0
1818,Kassala,7801.0,3765.0
1819,Kafia Kingi,7190.0,3971.0
1820,Deim Zubeir,7229.0,4080.0
1821,Malakai,7541.0,3952.0
1822,Juba,7538.0,4262.0
1823,Nimule,7573.0,4307.0
1824,Mongalla,7584.0,4219.0
1825,Torit,7631.0,4271.0
1826,Akobo,7631.0,4147.0
1827,Nasir,7632.0,4085.0
1828,Shambe,7439.0,4142.0
1829,Meshra' er Req,7359.0,4035.0
1830,Wau,7345.0,4108.0
1831,Tambura,7300.0,4194.0
1832,Maridi,7391.0,4274.0
1833,Kodok,7582.0,3931.0
1834,Lui,7486.0,4222.0
1835,Abang,7359.0,4147.0
1836,Turalei,7304.0,3936.0
1837,Kamil,7392.0,3911.0
1838,Tonga,7502.0,3946.0
1839,Wernyol,7557.0,4132.0
1840,Waat,7572.0,4072.0
1841,Ayod,7514.0,4080.0
1842,Beh,7645.0,4202.0
1843,Leer,7428.0,4063.0
1844,Raga,7251.0,4015.0
1845,Biar,7558.0,4017.0
1846,Yei,7489.0,4301.0
1847,Yola,6711.0,4008.0
1848,Bauchi,6559.0,4023.0
1849,Kontagora,6397.0,3988.0
1850,Abeoukuta,6280.0,4129.0
1851,Calabar,6483.0,4225.0
1852,Abakaliki,6412.0,4177.0
1853,Port Harcourt,6388.0,4243.0
1854,Wukari,6536.0,4124.0
1855,Jalingo,6615.0,4067.0
1856,Gombe,6637.0,4005.0
1857,Damaturu,6649.0,3923.0
1858,Gusau,6455.0,3942.0
1859,Kaiama,6290.0,4043.0
1860,Monrovia,5610.0,4150.0
1861,Loma,5663.0,4101.0
1862,Freetown,5547.0,4102.0
1863,Greenville,5705.0,4220.0
1864,Buchanan,5661.0,4169.0
1865,Ouagadougou,6043.0,3885.0
1866,Dori,6108.0,3819.0
1867,Kumasi,6061.0,4147.0
1868,Abidjan,5923.0,4212.0
1869,Koudougou,5993.0,3894.0
1870,Bobo-Dioulasso,5889.0,3934.0
1871,Odienne,5740.0,4013.0
1872,Korhogo,5848.0,4015.0
1873,Logouale,5739.0,4140.0
1874,Mankono,5827.0,4089.0
1875,Tabou,5783.0,4226.0
1876,Sassandra,5853.0,4219.0
1877,Dimbokro,5908.0,4158.0
1878,Prestea,5997.0,4215.0
1879,Ashanti,6026.0,4096.0
1880,Bondoukou,5939.0,4089.0
1881,Accra,6101.0,4193.0
1882,Lome,6165.0,4173.0
1883,Palime,6118.0,4115.0
1884,Savé,6228.0,4069.0
1885,Tamale,6103.0,4043.0
1886,Navrongo,6069.0,3943.0
1887,Malanville,6258.0,3924.0
1888,Djougou,6178.0,4010.0
1889,Fada N' Gourma,6130.0,3880.0
1890,Tenkodogo,6095.0,3894.0
1891,Wa,6016.0,3992.0
1892,Gaoua,5944.0,3971.0
1893,Kankan,5658.0,4002.0
1894,Davao City,11718.0,3956.0
1895,Bissau,5395.0,3900.0
1896,Kedougou,5508.0,3855.0
1897,Haute Casamance,5404.0,3870.0
1898,St. Louis,5367.0,3774.0
1899,Dakar,5351.0,3809.0
1900,Bakel,5503.0,3773.0
1901,Kiffa,5557.0,3705.0
1902,Tichit,5622.0,3663.0
1903,El Merayer,5757.0,3542.0
1904,Tagoujalet,5834.0,3433.0
1905,Merijinat,5750.0,3361.0
1906,Port Etienne,5358.0,3526.0
1907,Tintan,5378.0,3536.0
1908,Atar,5483.0,3541.0
1909,Ouadane,5578.0,3526.0
1910,Nouakchott,5392.0,3690.0
1911,Aleg,5461.0,3721.0
1912,Tamba,5460.0,3831.0
1913,Chinguetti,5510.0,3569.0
1914,Tidjikja,5545.0,3615.0
1915,Moudjeria,5497.0,3644.0
1916,Bourjeimat,5406.0,3601.0
1917,Kaédi,5464.0,3751.0
1918,Tanezroft Tutrimt,5718.0,3490.0
1919,Fort Trinquet,5642.0,3417.0
1920,Taoudeni,5918.0,3484.0
1921,Aṣ-Ṣaḥrā’ al-Gharbīyah,5554.0,3443.0
1922,Kidai,6238.0,3649.0
1923,Mabrouk,6076.0,3591.0
1924,Araouan,5923.0,3612.0
1925,Néma,5655.0,3738.0
1926,Timbedra,5611.0,3757.0
1927,Conakry,5442.0,3963.0
1928,Mamou,5551.0,3986.0
1929,Koumbia,5450.0,3904.0
1930,Dinguiray,5557.0,3918.0
1931,Bamako,5658.0,3888.0
1932,Bougouni,5678.0,3940.0
1933,Djenné,5909.0,3814.0
1934,San,5840.0,3885.0
1935,Kayes,5573.0,3810.0
1936,Kita,5626.0,3867.0
1937,Banamba,5684.0,3846.0
1938,Segou,5754.0,3862.0
1939,Koutiala,5780.0,3927.0
1940,Homobori,6085.0,3734.0
1941,Bamba,6103.0,3660.0
1942,Bandiagara,6000.0,3747.0
1943,Niafounke,5926.0,3682.0
1944,Sokolo,5765.0,3786.0
1945,Mopti,5859.0,3779.0
1946,El Djouf,5794.0,3602.0
1947,Tanezrouft,6066.0,3510.0
1948,Villa Cisneros,5412.0,3373.0
1949,Auadi,5452.0,3485.0
1950,Laâyoune,5480.0,3231.0
1951,Smara,5562.0,3248.0
1952,Bir Lehlu,5688.0,3277.0
1953,Mijek,5529.0,3347.0
1954,Bojador,5429.0,3299.0
1955,Victoria,6789.0,2937.0
1956,Valletta,6797.0,2956.0
1957,Majunga,8191.0,4990.0
1958,Fianarantsoa,8165.0,5239.0
1959,Tuléar,8019.0,5307.0
1960,Tamatave,8284.0,5083.0
1961,Antalaha,8336.0,4964.0
1962,Marovoay,8221.0,4999.0
1963,Ananalava,8237.0,4967.0
1964,Mananara,8310.0,5029.0
1965,Maevatanana,8217.0,5058.0
1966,Morafenobe,8112.0,5081.0
1967,Soalala,8155.0,5005.0
1968,Tananrive,8212.0,5122.0
1969,Ihosi,8132.0,5279.0
1970,Fort Dauphin,8132.0,5379.0
1971,Tsihombe,8073.0,5396.0
1972,Morombe,8009.0,5246.0
1973,Morondava,8058.0,5187.0
1974,Miarinarivo,8157.0,5132.0
1975,Ambositra,8167.0,5200.0
1976,Chengteh,11113.0,2333.0
1977,Betioky,8045.0,5335.0
1978,Farafangana,8188.0,5291.0
1979,Vatomandry,8242.0,5182.0
1980,Mecca,8015.0,3480.0
1981,Mendak,8099.0,3557.0
1982,Ashaira,8042.0,3469.0
1983,Yenbo,7960.0,3367.0
1984,Wejh,7876.0,3266.0
1985,Maqna,7798.0,3163.0
1986,Tabuk,7897.0,3149.0
1987,Medain Salih,7967.0,3233.0
1988,Hadiya,7970.0,3328.0
1989,Khaibar,8054.0,3326.0
1990,Jauf,8067.0,2986.0
1991,Sakaka,8105.0,2980.0
1992,Kaf,7988.0,2930.0
1993,Doha,8452.0,3249.0
1994,Medina,8067.0,3387.0
1995,Hajariya,8074.0,3420.0
1996,Sabiya,8149.0,3656.0
1997,Laila,8366.0,3435.0
1998,Riyadh,8334.0,3354.0
1999,Mubarraz,8388.0,3324.0
2000,Shaqra,8249.0,3312.0
2001,Dam,8255.0,3534.0
2002,Jubbah,8078.0,3038.0
2003,Taima,8006.0,3167.0
2004,Qasr al Haiyanya,8170.0,3029.0
2005,Buraida,8184.0,3212.0
2006,Hail,8099.0,3201.0
2007,Jabrin,8451.0,3394.0
2008,Rub' al Khali,8546.0,3472.0
2009,Raydā,8382.0,3638.0
2010,Ash Shalfa,8451.0,3553.0
2011,Qunsuliya,8201.0,3448.0
2012,Dhamar,8258.0,3792.0
2013,Hodeida,8190.0,3779.0
2014,Tolunnoerh,11033.0,2257.0
2015,Mocha,8222.0,3853.0
2016,Maqlaf,8324.0,3690.0
2017,Qadhima,7993.0,3441.0
2018,Debaba,8256.0,3620.0
2019,Al Hofuf,8412.0,3279.0
2020,Kahafa,8276.0,3114.0
2021,Qasr es Sabh,8347.0,3179.0
2022,Muscat,8762.0,3346.0
2023,Sharja,8615.0,3276.0
2024,Ibri,8655.0,3365.0
2025,Aden,8314.0,3862.0
2026,Mukalla,8435.0,3812.0
2027,Sakwa,8363.0,3766.0
2028,Murbat,8620.0,3657.0
2029,Saihut,8508.0,3751.0
2030,Sharkh,8759.0,3430.0
2031,Juwara,8707.0,3547.0
2032,Haifa,7844.0,2874.0
2033,Sharamuren,10767.0,2191.0
2034,Jerusalem,7857.0,2935.0
2035,Beirut,7846.0,2822.0
2036,Jaffa,7829.0,2934.0
2037,Damascus,7889.0,2843.0
2038,Hama,7869.0,2765.0
2039,Aleppo,7892.0,2698.0
2040,Al-Raqqah,7952.0,2698.0
2041,Tell Kotchek,8024.0,2611.0
2042,Deir ez Zor,7989.0,2715.0
2043,Ammam,7898.0,2912.0
2044,Bādiyat Ash-shām,7986.0,2882.0
2045,Aqaba,7777.0,3086.0
2046,Ma'an,7894.0,3023.0
2047,Hebron,7863.0,2965.0
2048,Soukhné,7963.0,2776.0
2049,Abu Kemal,8025.0,2773.0
2050,Al Dana,7859.0,2708.0
2051,Palmyra,7941.0,2790.0
2052,Al Suwar,8004.0,2701.0
2053,Manbij,7915.0,2657.0
2054,Meskene,7917.0,2721.0
2055,Al Kuwait,8255.0,3025.0
2056,Basra,8271.0,2958.0
2057,Rutba,8045.0,2864.0
2058,Al-Nukhib,8138.0,2913.0
2059,Qasr'Uthaimin,8193.0,2988.0
2060,Mosul,8100.0,2618.0
2061,Erbil,8177.0,2614.0
2062,Kirkuk,8180.0,2670.0
2063,Kalar,8276.0,2718.0
2064,Baghdad,8219.0,2827.0
2065,Amara,8294.0,2879.0
2066,Samawa,8229.0,2906.0
2067,Qal a Sharqat,8108.0,2647.0
2068,Anah,8081.0,2774.0
2069,Tikrit,8143.0,2765.0
2070,Samarra,8173.0,2788.0
2071,Ramadi,8117.0,2827.0
2072,Fallujah,8177.0,2834.0
2073,An Najaf,8209.0,2860.0
2074,Duhok,8094.0,2572.0
2075,Baiji,8132.0,2718.0
2076,Tuz Khurma,8201.0,2733.0
2077,Al Jahra,8232.0,3006.0
2078,Mandali,8271.0,2795.0
2079,Tehran,8482.0,2676.0
2080,Amol,8509.0,2634.0
2081,Gyumri,8165.0,2367.0
2082,Baku,8343.0,2390.0
2083,Reshawar,9234.0,2738.0
2084,Tabriz,8287.0,2491.0
2085,Ardabil,8355.0,2499.0
2086,Urmia,8226.0,2503.0
2087,Zanjan,8318.0,2585.0
2088,Karaj,8457.0,2665.0
2089,Kermanshah,8316.0,2724.0
2090,Abbottabad,9347.0,2737.0
2091,Bandar Busher,8440.0,2965.0
2092,Bandar Abbas,8648.0,3043.0
2093,Chabahar,8838.0,3115.0
2094,Zahedan,8836.0,2960.0
2095,Kerman,8713.0,2925.0
2096,Mashhad,8749.0,2626.0
2097,Gorgan,8617.0,2607.0
2098,Kashan,8489.0,2750.0
2099,Isfahan,8489.0,2832.0
2100,Ahvaz,8331.0,2892.0
2101,Shiraz,8502.0,2944.0
2102,Sirjan,8619.0,2952.0
2103,Gonbaki,8757.0,3024.0
2104,Khur,8596.0,2813.0
2105,Tabas,8704.0,2837.0
2106,Birjand,8763.0,2824.0
2107,Gonabad,8731.0,2727.0
2108,Kalgan,10898.0,2281.0
2109,Kweihwa,10767.0,2320.0
2110,Kabul,9113.0,2711.0
2111,Jelalabad,9170.0,2720.0
2112,Mazar-i-Sherif,9042.0,2607.0
2113,Herat,8871.0,2711.0
2114,Kandahar,9031.0,2861.0
2115,Farah,8863.0,2839.0
2116,Ghazni,9091.0,2793.0
2117,Bamyan,9064.0,2707.0
2118,Faizabad,9139.0,2556.0
2119,Chaghcharān,8968.0,2704.0
2120,Zirni,8951.0,2786.0
2121,Deshu,8922.0,2902.0
2122,Kalat,9046.0,2994.0
2123,Quetta,9083.0,2939.0
2124,Karachi,9087.0,3150.0
2125,Gwadar,8919.0,3124.0
2126,Srinagar,9407.0,2753.0
2127,Jammu,9410.0,2795.0
2128,Chamba,9522.0,2791.0
2129,Leh,9527.0,2704.0
2130,Astor,9423.0,2672.0
2131,Gilgit,9306.0,2650.0
2132,Rawalpindi,9321.0,2761.0
2133,Lahore,9338.0,2864.0
2134,Loralai,9124.0,2939.0
2135,Badin,9186.0,3179.0
2136,Shikarpur,9107.0,3064.0
2137,Isai Kalat,8971.0,3051.0
2138,Dalbandin,8980.0,2975.0
2139,Hyderabad (PK),9144.0,3138.0
2140,Jhang Maghiana,9266.0,2900.0
2141,Dera Ismail Khan,9214.0,2871.0
2142,Bannu,9228.0,2788.0
2143,Multan,9233.0,2967.0
2144,Bahawalpur,9241.0,3003.0
2145,Sukkur,9184.0,3068.0
2146,Delhi,9545.0,2999.0
2147,Hinglaj,9010.0,3128.0
2148,Dera Ghazi Khan,9199.0,2971.0
2149,Kasur,9355.0,2925.0
2150,Bahawalnagar,9337.0,2977.0
2151,Jaipur,9493.0,3079.0
2152,Jodhpur,9340.0,3094.0
2153,Barmer,9283.0,3153.0
2154,Kishangarh,9302.0,3072.0
2155,Alwar,9527.0,3045.0
2156,Udaipur,9417.0,3155.0
2157,Nagaur,9391.0,3060.0
2158,Ajmer,9452.0,3089.0
2159,Lucknow,9724.0,3081.0
2160,Jhansi,9682.0,3153.0
2161,Bhopal,9651.0,3225.0
2162,Indore,9601.0,3264.0
2163,Mhow,9600.0,3283.0
2164,Ratlam,9523.0,3232.0
2165,Amritsar,9399.0,2871.0
2166,Meerut,9572.0,2961.0
2167,Bareilly,9662.0,3003.0
2168,Gwalior,9576.0,3095.0
2169,Kotah,9530.0,3120.0
2170,Ujjain,9594.0,3231.0
2171,Mandi,9561.0,2866.0
2172,Kathgodam,9650.0,2948.0
2173,Hissar,9475.0,2959.0
2174,Bikaner,9407.0,2995.0
2175,Marwar,9374.0,3128.0
2176,Khandwa,9657.0,3289.0
2177,Allahbad,9770.0,3141.0
2178,Patna,9904.0,3136.0
2179,Jamshedpur,9998.0,3270.0
2180,Cuttack,9943.0,3376.0
2181,Berhampur,9886.0,3436.0
2182,Raipur,9766.0,3355.0
2183,Nagpur,9703.0,3354.0
2184,Jagdalpur,9787.0,3436.0
2185,Gangtok,10050.0,3105.0
2186,Goalpara,10112.0,3140.0
2187,Katihar,10024.0,3176.0
2188,Monghyr,9956.0,3141.0
2189,Gorakhpur,9822.0,3084.0
2190,Ghazipur,9829.0,3147.0
2191,Rewah,9756.0,3181.0
2192,Katni,9727.0,3231.0
2193,Sonhat,9818.0,3244.0
2194,Baud,9878.0,3362.0
2195,Balasore,9986.0,3319.0
2196,Daspur,9963.0,3302.0
2197,Gaya,9906.0,3186.0
2198,Ranchi,9922.0,3243.0
2199,Raighar,9844.0,3305.0
2200,Seoni,9725.0,3294.0
2201,Chanda,9713.0,3399.0
2202,Madras,9711.0,3729.0
2203,Bangalore,9612.0,3728.0
2204,Hyderabad,9651.0,3517.0
2205,Bombay,9387.0,3467.0
2206,Jawhar,9391.0,3429.0
2207,Poona,9426.0,3476.0
2208,Nirmal,9676.0,3420.0
2209,Vizagapatam,9835.0,3500.0
2210,Salem,9626.0,3768.0
2211,Madura,9631.0,3882.0
2212,Trivandrum,9576.0,3923.0
2213,Vellore,9668.0,3732.0
2214,Mangalore,9491.0,3732.0
2215,Hassan,9558.0,3716.0
2216,Palghat,9571.0,3817.0
2217,Hindupur,9611.0,3676.0
2218,Nellore,9707.0,3660.0
2219,Masulipatam,9747.0,3572.0
2220,Warangal,9707.0,3493.0
2221,Kolhapur,9431.0,3547.0
2222,Dharwar,9480.0,3604.0
2223,Sholapur,9618.0,3514.0
2224,Pandhapur,9516.0,3507.0
2225,Dhulia,9529.0,3380.0
2226,Raichur,9638.0,3589.0
2227,Gadag,9538.0,3605.0
2228,Aurangabad,9578.0,3424.0
2229,Sil Garhi,9757.0,2990.0
2230,Kathmandu,9887.0,3045.0
2231,Dhankuta,9990.0,3088.0
2232,Hariyon,9904.0,3075.0
2233,Bhadgaon,9915.0,3043.0
2234,Pokhra,9822.0,3013.0
2235,Ahmedabad,9316.0,3251.0
2236,Rajkot,9273.0,3300.0
2237,Surat,9393.0,3336.0
2238,Baroda,9419.0,3280.0
2239,Nadiad,9337.0,3270.0
2240,Patan,9296.0,3219.0
2241,Calcutta,10045.0,3287.0
2242,Dacca,10123.0,3245.0
2243,Bogra,10082.0,3219.0
2244,Chandpur,10160.0,3245.0
2245,Punaka,10088.0,3071.0
2246,Bumtan,10130.0,3077.0
2247,Rangoon,10411.0,3534.0
2248,Shillong,10237.0,3142.0
2249,Aijal,10261.0,3248.0
2250,Imphal,10314.0,3183.0
2251,Fort Hertz,10431.0,2994.0
2252,Dibrugarh,10323.0,3016.0
2253,Mandalay,10379.0,3283.0
2254,Kengtung,10512.0,3303.0
2255,Maingpan,10494.0,3368.0
2256,Moulmein,10486.0,3556.0
2257,Mengui,10525.0,3683.0
2258,Bassein,10336.0,3531.0
2259,Chittagong,10192.0,3303.0
2260,Pyinmana,10411.0,3417.0
2261,Lungnak,9653.0,2559.0
2262,Lashung,9763.0,2582.0
2263,Gomo,9893.0,2621.0
2264,Rudok,9630.0,2660.0
2265,Gartok,9640.0,2765.0
2266,Ladse Dzong,9948.0,2984.0
2267,Bhamo,10432.0,3192.0
2268,Shazia,9740.0,2689.0
2269,Daurakpa,9849.0,2770.0
2270,Tradum,9829.0,2926.0
2271,Lhasa,10101.0,2951.0
2272,Chetang,10149.0,2967.0
2273,Dhirang Dzong,10161.0,3043.0
2274,Tsari,10227.0,2986.0
2275,Phondu,10104.0,2899.0
2276,Ed Dzong,10043.0,2819.0
2277,Darchoi,9979.0,2809.0
2278,Govo,9925.0,2899.0
2279,Shigatse,10024.0,2990.0
2280,Gyangtse,10056.0,3006.0
2281,Lhari,10232.0,2879.0
2282,Chamchu,9686.0,2681.0
2283,Parka,9735.0,2848.0
2284,Nagron,9797.0,2733.0
2285,Selipuk,9746.0,2764.0
2286,Soping,10808.0,2369.0
2287,Demchok,9587.0,2726.0
2288,Djiacham,9666.0,2776.0
2289,Namling,10033.0,2915.0
2290,Sibi,9107.0,2991.0
2291,Yunnanfu,10634.0,3141.0
2292,Yuangchang,10531.0,3120.0
2293,Chengkiang,10645.0,3162.0
2294,Tungchwan,10647.0,3095.0
2295,Pu'er,10576.0,3215.0
2296,Sinhing,10608.0,3154.0
2297,Lungling,10497.0,3168.0
2298,Kweiyang,10762.0,3094.0
2299,Puanting,10709.0,3118.0
2300,Nanning,10905.0,3241.0
2301,Canton,11133.0,3266.0
2302,Guilin,11017.0,3155.0
2303,Ziyuan,11027.0,3128.0
2304,Tsunyi,10778.0,3045.0
2305,Tuyun,10810.0,3105.0
2306,Szenan,10837.0,3034.0
2307,Liping,10904.0,3118.0
2308,Shiuchow,11134.0,3167.0
2309,Chaochow,11249.0,3200.0
2310,Linping,11135.0,3205.0
2311,Bayard,11018.0,3341.0
2312,Tunghing,10914.0,3293.0
2313,Taiping,10869.0,3251.0
2314,Chenan,10780.0,3188.0
2315,Szecheng,10765.0,3147.0
2316,Pinglo,11018.0,3188.0
2317,Chaoking,11100.0,3273.0
2318,Sunyi,11027.0,3305.0
2319,Liuzhou,10904.0,3196.0
2320,Guixian,10969.0,3237.0
2321,Shanghai,11396.0,2767.0
2322,Wuchow,11045.0,3246.0
2323,Nanking,11312.0,2749.0
2324,Teian,11164.0,2766.0
2325,Ichang,11037.0,2800.0
2326,Tungjen,10947.0,2961.0
2327,Tsingchow,10975.0,3069.0
2328,Wuhan,11187.0,2802.0
2329,Changsha,11111.0,2912.0
2330,Nanchang,11236.0,2899.0
2331,Kanchow,11165.0,3092.0
2332,Foochow,11344.0,3068.0
2333,Hangchow,11356.0,2813.0
2334,Wenchow,11383.0,2932.0
2335,Linchwan,11258.0,2925.0
2336,Anqing,11238.0,2798.0
2337,Kingchow,11119.0,2819.0
2338,Supu,11025.0,2921.0
2339,Yuanchow,11171.0,2925.0
2340,Hanyang,11182.0,2845.0
2341,Tingchow,11215.0,3094.0
2342,Yungchow,11048.0,3094.0
2343,Wukang,11037.0,3020.0
2344,Siangtan,11100.0,2936.0
2345,Hengchow,11084.0,2994.0
2346,Kian,11196.0,2991.0
2347,Kienning,11311.0,2991.0
2348,Chuanchow,11300.0,3130.0
2349,Kyaukse,10379.0,3311.0
2350,Yeu,10340.0,3247.0
2351,Kohima,10307.0,3128.0
2352,Katha,10381.0,3196.0
2353,Myitkyina,10439.0,3087.0
2354,Mogaung,10371.0,3090.0
2355,Paletwa,10231.0,3333.0
2356,Sandoway,10312.0,3445.0
2357,Pegu,10422.0,3510.0
2358,Yamethin,10414.0,3368.0
2359,Pakokku,10320.0,3329.0
2360,Mong Kung,10455.0,3294.0
2361,Bangkok,10598.0,3666.0
2362,Kiang Mai,10563.0,3459.0
2363,Sa Kaeo,10647.0,3666.0
2364,Kalasin,10699.0,3511.0
2365,Surin,10732.0,3604.0
2366,Sukhothai,10575.0,3550.0
2367,Phang Nga,10522.0,3908.0
2368,Singora,10615.0,3965.0
2369,Ranong,10543.0,3806.0
2370,Kanburi,10574.0,3653.0
2371,Pnom Penh,10813.0,3747.0
2372,Saigon,10894.0,3786.0
2373,Luang Prabang,10674.0,3373.0
2374,Hanoi,10806.0,3338.0
2375,Hue,10910.0,3546.0
2376,Kampot,10783.0,3803.0
2377,Odong,10799.0,3723.0
2378,Battambang,10717.0,3689.0
2379,Bak Lieu,10864.0,3845.0
2380,Binh Thuan,10966.0,3773.0
2381,Phu-yen,10979.0,3700.0
2382,Prey Veng,10849.0,3745.0
2383,Pak-Lai,10666.0,3441.0
2384,Kao Bang,10807.0,3263.0
2385,Lao-Kai,10713.0,3235.0
2386,Muang Xay,10651.0,3303.0
2387,Yen-bai,10754.0,3345.0
2388,Haiphong,10863.0,3359.0
2389,Vinh,10812.0,3432.0
2390,Banlao,10790.0,3547.0
2391,Đong Hoi,10859.0,3508.0
2392,Tourane,10934.0,3567.0
2393,Meluprey,10813.0,3644.0
2394,Nong Hoi,10751.0,3489.0
2395,Kratié,10894.0,3697.0
2396,Beijing,11066.0,2396.0
2397,Tianjin,11157.0,2448.0
2398,Jinan,11148.0,2565.0
2399,Rizhao,11298.0,2581.0
2400,Tsingtao,11300.0,2530.0
2401,Weifang,11252.0,2542.0
2402,Mangan,10782.0,2126.0
2403,Kolan,10931.0,2452.0
2404,Fuping,11024.0,2425.0
2405,Qingyang,10843.0,2501.0
2406,Taiyuan,10973.0,2546.0
2407,Shijiazhuang,11094.0,2539.0
2408,Yangquan,11012.0,2546.0
2409,Boading,11080.0,2471.0
2410,Zhengzhou,11025.0,2643.0
2411,Jining,11135.0,2629.0
2412,Yancheng,11320.0,2665.0
2413,Xuzhou,11171.0,2653.0
2414,Linyi,11213.0,2629.0
2415,Bengbu,11177.0,2700.0
2416,Nanyang,10999.0,2717.0
2417,Zhumadian,11064.0,2718.0
2418,Yungcheng,10930.0,2617.0
2419,Lüliang,10931.0,2552.0
2420,Ulaanbaatar,10505.0,1905.0
2421,Altai,10098.0,2020.0
2422,Bor-Undur,10595.0,2011.0
2423,Choir,10544.0,1969.0
2424,Sainshand,10626.0,2067.0
2425,Matad,10808.0,1967.0
2426,Baruun-Urt,10684.0,1987.0
2427,Baganuur,10549.0,1898.0
2428,Choibalsan,10664.0,1805.0
2429,Uniket,10891.0,2094.0
2430,Sharga,10050.0,2025.0
2431,Delger,10184.0,2013.0
2432,Erdene,10203.0,2106.0
2433,Khatansuudal,10323.0,2154.0
2434,Murun,10247.0,1831.0
2435,Turuun,10076.0,1798.0
2436,Ulaangom,9951.0,1795.0
2437,Ulgii,9759.0,1853.0
2438,Terper Tugrug,9890.0,1976.0
2439,Bayankhongor,10314.0,2024.0
2440,Bulgan,10366.0,1901.0
2441,Gurvansaikhan,10494.0,2067.0
2442,Bulan,10626.0,2220.0
2443,Bayan-Ovoo,10448.0,2205.0
2444,Mandal-Ovoo,10397.0,2089.0
2445,Lun,10460.0,1907.0
2446,Bugat,9977.0,2089.0
2447,Durvuljin,10104.0,1916.0
2448,Kingpeng,11111.0,2200.0
2449,Urumchi,9630.0,2149.0
2450,Bulun Tokhoi,9582.0,1973.0
2451,Ningyuan,9474.0,2165.0
2452,Aqsu,9374.0,2285.0
2453,Kashgar,9228.0,2406.0
2454,Niya,9423.0,2535.0
2455,Kushui,9896.0,2210.0
2456,Chochiang,9748.0,2408.0
2457,Hotien,9247.0,2536.0
2458,Yutien,9306.0,2549.0
2459,Kucha,9485.0,2256.0
2460,Qara Shahr,9592.0,2259.0
2461,Turfan,9709.0,2197.0
2462,Hami,9831.0,2190.0
2463,Chensi,9810.0,2117.0
2464,Charchan,9539.0,2444.0
2465,Suilai,9586.0,2148.0
2466,Wusu,9530.0,2145.0
2467,Tsingho,9519.0,2169.0
2468,Shawan,9525.0,2078.0
2469,Yulghunbulak,9792.0,2271.0
2470,Kitai,9707.0,2111.0
2471,Guntamga,9785.0,2011.0
2472,Kargilik,9222.0,2506.0
2473,Bashi,9369.0,2406.0
2474,Vash Shahri,9644.0,2423.0
2475,Sinping,9558.0,2340.0
2476,Cagayan de Oro,11682.0,3891.0
2477,Tuguegarao,11506.0,3467.0
2478,Naujan,11510.0,3681.0
2479,Batangas City,11506.0,3646.0
2480,Boac,11542.0,3669.0
2481,Hǎikou,11022.0,3403.0
2482,Angeles,11471.0,3591.0
2483,Luzhou,10803.0,2884.0
2484,Hangkin,10585.0,2386.0
2485,Ashan,10582.0,2336.0
2486,Chihfeng,11174.0,2260.0
2487,Qinhuangdao,11233.0,2359.0
2488,Yingkow,11313.0,2321.0
2489,Tokyo,12025.0,2533.0
2490,Osaka,11872.0,2587.0
2491,Nagasaki,11661.0,2696.0
2492,Sapporo,12009.0,2104.0
2493,Urakawa,12062.0,2153.0
2494,Kushiro,12124.0,2091.0
2495,Nayoro,12032.0,2012.0
2496,Iwamizawa,12025.0,2087.0
2497,Fukuyama,11967.0,2207.0
2498,Sendai,12031.0,2390.0
2499,Kagoshima,11687.0,2787.0
2500,Kumamoto,11710.0,2710.0
2501,Fukuoka,11675.0,2675.0
2502,Kochi,11805.0,2656.0
2503,Miyako,12058.0,2317.0
2504,Takamatsu,11820.0,2616.0
2505,Wakayama,11870.0,2614.0
2506,Kyoto,11888.0,2569.0
2507,Kobe,11856.0,2585.0
2508,Hiroshima,11734.0,2614.0
2509,Hirosaki,11999.0,2265.0
2510,Yokohama,12008.0,2551.0
2511,Nagoya,11925.0,2564.0
2512,Kanazawa,11908.0,2488.0
2513,Ishioka,12041.0,2512.0
2514,Kiryu,12025.0,2492.0
2515,Nagano,11956.0,2483.0
2516,Keijo,11548.0,2455.0
2517,Heijo,11483.0,2380.0
2518,Fusan,11644.0,2580.0
2519,Kojo,11581.0,2386.0
2520,Seishin,11605.0,2243.0
2521,Onjo,11636.0,2177.0
2522,Joshin,11601.0,2286.0
2523,Choshin,11516.0,2294.0
2524,Shingishu,11444.0,2324.0
2525,Shinnampo,11462.0,2398.0
2526,Kaishu,11489.0,2440.0
2527,Shunsen,11576.0,2451.0
2528,Gangneung,11627.0,2448.0
2529,Taikyu,11616.0,2548.0
2530,Koshu,11571.0,2601.0
2531,Kunsan,11549.0,2549.0
2532,Uruchin,11645.0,2486.0
2533,Seikwan,11551.0,2484.0
2534,Gensan,11554.0,2370.0
2535,Anshu,11475.0,2360.0
2536,Jipyeong-ri,11518.0,2386.0
2537,Huanren,11427.0,2291.0
2538,Mukden,11339.0,2272.0
2539,Solun,11038.0,1961.0
2540,Suanhwa,11014.0,2343.0
2541,Qamdo,10362.0,2801.0
2542,Liangshan,10583.0,2990.0
2543,Chongqing,10845.0,2855.0
2544,Chengdu,10705.0,2799.0
2545,Ya'an,10660.0,2815.0
2546,Aba,10583.0,2782.0
2547,Garze,10583.0,2852.0
2548,Nanchong,10836.0,2776.0
2549,Xi'an,10872.0,2652.0
2550,Tianshui,10791.0,2655.0
2551,Lanzhou,10697.0,2538.0
2552,Weinan,10901.0,2652.0
2553,Ziyang,10738.0,2825.0
2554,Gannan,10556.0,2603.0
2555,Daocheng,10492.0,2903.0
2556,Zunyi,10874.0,2915.0
2557,Zhaotong,10693.0,2938.0
2558,Longnan,10741.0,2720.0
2559,Lintao,10695.0,2622.0
2560,Baiyin,10729.0,2477.0
2561,Dagupan,11467.0,3556.0
2562,Hezhou,10609.0,2557.0
2563,Hongyuan,10591.0,2695.0
2564,Zogang,10420.0,2876.0
2565,Laoag,11464.0,3445.0
2566,Derge,10485.0,2789.0
2567,Yaxian,10978.0,3461.0
2568,Toyohara,12018.0,1860.0
2569,Alexandrovsk,11975.0,1599.0
2570,Okha,11973.0,1430.0
2571,Keton,12004.0,1662.0
2572,Palevo,11996.0,1617.0
2573,Taipei,11477.0,3064.0
2574,Taoyuan,11465.0,3082.0
2575,Taichū,11449.0,3118.0
2576,Takow,11447.0,3179.0
2577,Cauayan,11513.0,3490.0
2578,Naga,11592.0,3651.0
2579,Misamis,11648.0,3891.0
2580,Zamboanga,11586.0,3955.0
2581,Malaybalay,11701.0,3900.0
2582,Bislig,11755.0,3903.0
2583,Glan,11729.0,4000.0
2584,Butuan,11726.0,3862.0
2585,Iloilo City,11584.0,3780.0
2586,Calbayog,11662.0,3711.0
2587,Ormoc,11670.0,3763.0
2588,Bacolod,11599.0,3794.0
2589,Cebu,11638.0,3800.0
2590,Catanauan,11555.0,3651.0
2591,Jiuquan,10206.0,2311.0
2592,Zhangye,10312.0,2366.0
2593,Jinchang,10388.0,2374.0
2594,Wuwei,10433.0,2428.0
2595,Delhi (CN),10108.0,2449.0
2596,Kandagan,11284.0,4423.0
2597,Bandjermasin,11256.0,4439.0
2598,Pontianak,11014.0,4260.0
2599,Sambas,11025.0,4219.0
2600,Kendawangan,11061.0,4379.0
2601,Muara Teweh,11268.0,4333.0
2602,Singtang,11131.0,4278.0
2603,Sanggau,11076.0,4277.0
2604,Sampit,11183.0,4388.0
2605,Palangkaraya,11230.0,4392.0
2606,Kalolokan,11386.0,4231.0
2607,Tarakan,11373.0,4115.0
2608,Samarinda,11352.0,4297.0
2609,Yushu,10359.0,2694.0
2610,Zadoi,10236.0,2699.0
2611,Long Poera,11300.0,4180.0
2612,Makassar,11462.0,4498.0
2613,Lelewaoe,11539.0,4389.0
2614,Poleang,11564.0,4480.0
2615,Singaradja,11275.0,4613.0
2616,Palu,11490.0,4301.0
2617,Maros,11470.0,4479.0
2618,Wono,11486.0,4358.0
2619,Deking,11447.0,4384.0
2620,Singkang,11482.0,4446.0
2621,Masamba,11506.0,4378.0
2622,Ampana,11562.0,4312.0
2623,Menado,11696.0,4234.0
2624,Tanggulazhen,10114.0,2679.0
2625,Wutumeirenxiang,9933.0,2455.0
2626,Lenghuzhen,9961.0,2351.0
2627,Xihuxiang,10006.0,2260.0
2628,Yumen,10108.0,2276.0
2629,Yanglongxiang,10215.0,2366.0
2630,Golog,10374.0,2603.0
2631,Huangnan,10437.0,2518.0
2632,Chakazhen,10199.0,2454.0
2633,Youyunxiang,10283.0,2601.0
2634,Madoi,10136.0,2546.0
2635,Golmud,10033.0,2484.0
2636,Qumahexiang,10041.0,2587.0
2637,Hainan,10377.0,2484.0
2638,Niandixiang,10332.0,2460.0
2639,Kuching,11083.0,4223.0
2640,Sibu,11146.0,4187.0
2641,Bintulu,11206.0,4141.0
2642,Brunei,11266.0,4063.0
2643,Kudat,11359.0,3974.0
2644,Singapore,10749.0,4197.0
2645,Sungai Petani,10614.0,4038.0
2646,Kuala Lumpur,10663.0,4128.0
2647,Khota Bharn,10710.0,4033.0
2648,Taliwang,11352.0,4641.0
2649,Ampenan,11323.0,4627.0
2650,Ende,11550.0,4639.0
2651,Palenbang,10772.0,4410.0
2652,Waingapu,11477.0,4670.0
2653,Kupang,11643.0,4691.0
2654,Dili,11718.0,4631.0
2655,Batavia,10928.0,4533.0
2656,Soerabaja,11163.0,4574.0
2657,Medan,10550.0,4134.0
2658,Banda Aceh,10414.0,4046.0
2659,Bandung,10957.0,4545.0
2660,Cheribon,10994.0,4557.0
2661,Solo,11085.0,4589.0
2662,Banyuwangi,11235.0,4615.0
2663,Semarang,11079.0,4561.0
2664,Pandeglang,10893.0,4537.0
2665,Malang,11161.0,4603.0
2666,Pekanbaru,10639.0,4259.0
2667,Djambi,10739.0,4355.0
2668,Telukbetung,10806.0,4496.0
2669,Padang,10630.0,4337.0
2670,Bengkulu,10707.0,4446.0
2671,Rengat,10704.0,4310.0
2672,Tapaktuan,10496.0,4147.0
2673,Tanjungbalai,10587.0,4161.0
2674,Langsa,10500.0,4072.0
2675,Darwin,12036.0,4844.0
2676,Adelaide,12335.0,5701.0
2677,Alice Springs,12220.0,5260.0
2678,Marla,12223.0,5428.0
2679,Maralinga,12097.0,5531.0
2680,The Sill,12341.0,5503.0
2681,Kintore,12049.0,5258.0
2682,Urluru,12126.0,5344.0
2683,Katherine,12101.0,4961.0
2684,Lajamanu,12068.0,5120.0
2685,Three Ways,12212.0,5126.0
2686,Borroloola,12221.0,4997.0
2687,Port Augusta,12299.0,5613.0
2688,Renmark,12396.0,5674.0
2689,Perth,11584.0,5610.0
2690,Roebourne,11661.0,5164.0
2691,Kalgoorlie,11776.0,5558.0
2692,Geraldton,11523.0,5454.0
2693,Esperance,11782.0,5688.0
2694,Loongana,11915.0,5545.0
2695,Southern Cross,11720.0,5575.0
2696,Northam,11625.0,5597.0
2697,Albany,11625.0,5737.0
2698,Dongara,11542.0,5493.0
2699,Wyndham,11940.0,4970.0
2700,Derby,11800.0,5050.0
2701,Halls Creek,11937.0,5086.0
2702,Port Hedland,11711.0,5140.0
2703,Newman,11711.0,5257.0
2704,Carnavon,11500.0,5324.0
2705,Wiluna,11755.0,5395.0
2706,Warburton,11883.0,5377.0
2707,Tanami,11957.0,5182.0
2708,Yalgoo,11604.0,5457.0
2709,Abbots,11629.0,5317.0
2710,Telfer,11820.0,5192.0
2711,Rawanna,11846.0,5552.0
2712,Higginsville,11776.0,5591.0
2713,Onslow,11553.0,5204.0
2714,Kumarina,11748.0,5321.0
2715,Merauke,12390.0,4590.0
2716,Melbourne,12538.0,5793.0
2717,Sydney,12715.0,5705.0
2718,Newcastle,12743.0,5635.0
2719,Mildura,12439.0,5675.0
2720,Ballarat,12507.0,5782.0
2721,Bendigo,12539.0,5746.0
2722,Canberra,12666.0,5719.0
2723,Bairnsdale,12621.0,5792.0
2724,Wagga Wagga,12611.0,5711.0
2725,Yaapeet,12439.0,5738.0
2726,Silverton,12416.0,5601.0
2727,Tibooburra,12452.0,5523.0
2728,Hay,12535.0,5675.0
2729,Gosford,12731.0,5669.0
2730,Lismore,12779.0,5557.0
2731,Dubbo,12684.0,5609.0
2732,Byrock,12598.0,5583.0
2733,Ivanhoe,12525.0,5619.0
2734,Bathurst,12682.0,5689.0
2735,Nymagee,12608.0,5617.0
2736,Walgett,12689.0,5573.0
2737,Wanaaring,12497.0,5539.0
2738,Brisbane,12803.0,5478.0
2739,Warwick,12780.0,5502.0
2740,Townsville,12564.0,5097.0
2741,Cloncurry,12359.0,5131.0
2742,Rockhampton,12699.0,5250.0
2743,Longreach,12474.0,5265.0
2744,Cairns,12522.0,5006.0
2745,Floraville,12333.0,5066.0
2746,Dutches,12337.0,5174.0
2747,Richmond (QLD),12439.0,5136.0
2748,MCDonnell,12409.0,4867.0
2749,Emerald,12626.0,5252.0
2750,Mackay,12641.0,5164.0
2751,Charters Towers,12539.0,5119.0
2752,Palmerville,12454.0,4956.0
2753,Birdsville,12344.0,5377.0
2754,Boulia,12350.0,5268.0
2755,Windorah,12457.0,5363.0
2756,Eromanga,12491.0,5413.0
2757,Eulo,12545.0,5473.0
2758,Maryborough,12782.0,5354.0
2759,Rannes,12685.0,5296.0
2760,Sandgate,12784.0,5437.0
2761,Dirranbandi,12682.0,5499.0
2762,Roma,12702.0,5390.0
2763,Charleville,12587.0,5389.0
2764,Port Moresby,12709.0,4625.0
2765,Alotau,12866.0,4691.0
2766,Daru,12510.0,4641.0
2767,Aitape,12442.0,4342.0
2768,Sarmi,12303.0,4291.0
2769,Sorong,11992.0,4248.0
2770,Kaimana,12103.0,4374.0
2771,Madang,12637.0,4444.0
2772,Lae,12708.0,4509.0
2773,Morobe,12730.0,4574.0
2774,Timika,12227.0,4423.0
2775,Agats,12318.0,4481.0
2776,Mendi,12543.0,4517.0
2777,Wewak,12533.0,4369.0
2778,Tiom,12330.0,4399.0
2779,Aiambak,12437.0,4561.0
2780,Tabubil,12435.0,4457.0
2781,Wabag,12552.0,4463.0
2782,Manokwari,12097.0,4246.0
2783,Kimbe,12854.0,4463.0
2784,Kavieng,12900.0,4324.0
2785,Jayapura,12385.0,4326.0
2786,Kumbe,12364.0,4592.0
2787,Botawa,12208.0,4346.0
2788,Tembagapura,12259.0,4394.0
2789,Hobart,12588.0,6013.0
2790,Devonport,12584.0,5920.0
2791,Strahan,12530.0,5959.0
2792,Auckland,13340.0,5585.0
2793,Wellington,13341.0,5935.0
2794,Otira,13143.0,6056.0
2795,Dunedin,13075.0,6232.0
2796,Invercargill,12972.0,6266.0
2797,Cromwell,13019.0,6170.0
2798,Nelson,13258.0,5941.0
2799,Greymouth,13127.0,6032.0
2800,Timaru,13131.0,6129.0
2801,Oamaru,13100.0,6182.0
2802,Westport,13167.0,5975.0
2803,Ohakune,13365.0,5847.0
2804,Gisborne,13514.0,5768.0
2805,Mokai,13438.0,5755.0
2806,Ohura,13362.0,5763.0
2807,Napier,13442.0,5830.0
2808,Masterton,13393.0,5913.0
2809,Hamilton,13375.0,5699.0
2810,Blenheim,13284.0,5968.0
2811,Kaikoura,13251.0,6025.0
2812,Te Anau,12936.0,6191.0
2813,Hokitika,13108.0,6055.0
2814,Wanaka,13027.0,6130.0
2815,Christchurch,13208.0,6095.0
2816,Leningrad,7392.0,1281.0
2817,Vologda,7651.0,1255.0
2818,Arkhangelsk,7650.0,962.0
2819,Naryan-Mar,8250.0,674.0
2820,Pskov,7345.0,1383.0
2821,Veliky Novgorod,7402.0,1366.0
2822,Gdov,7324.0,1326.0
2823,Nevel,7431.0,1446.0
2824,Amderma,8691.0,638.0
2825,Shoyna,7759.0,731.0
2826,Knyazhpogost,8310.0,1122.0
2827,Dutovo,8522.0,1019.0
2828,Pechora,8548.0,891.0
2829,Ukhta,8399.0,999.0
2830,Izhma,8450.0,1015.0
2831,Ust-Tsilma,8364.0,848.0
2832,Inta,8700.0,832.0
2833,Syktyvkar,8311.0,1184.0
2834,Troitsko-Pechorsk,8520.0,1115.0
2835,Kuratovo,8258.0,1238.0
2836,Vazhgort,8187.0,1033.0
2837,Khorey-Ver,8520.0,755.0
2838,Kargopol,7573.0,1173.0
2839,Kotlas,8133.0,1190.0
2840,Mezen,7798.0,839.0
2841,Onega,7567.0,1061.0
2842,Shenkursk,7706.0,1135.0
2843,Bereznik,7696.0,1057.0
2844,Karpogory,8011.0,1011.0
2845,Leshukonskoye,8125.0,940.0
2846,Pinega,7849.0,939.0
2847,Kotkino,8136.0,720.0
2848,Cherepovets,7601.0,1267.0
2849,Volkhov,7423.0,1259.0
2850,Khvoynaya,7508.0,1322.0
2851,Sokol,7679.0,1236.0
2852,Gryazovets,7668.0,1283.0
2853,Nikolsk,7920.0,1257.0
2854,Kizema,7951.0,1168.0
2855,Salekhard,8893.0,715.0
2856,Tarko-Sale,9313.0,814.0
2857,Nadym,9065.0,775.0
2858,Urengoy,9302.0,739.0
2859,Khanty-Mansiysk,9012.0,1177.0
2860,Surgut,9186.0,1177.0
2861,Beloyarsky,8877.0,1036.0
2862,Nizhnevartovsk,9305.0,1193.0
2863,Leushi,8879.0,1265.0
2864,Beryozovo,8784.0,1002.0
2865,Igrim,8742.0,1092.0
2866,Kasymsk,9083.0,928.0
2867,Pokatshena,9204.0,1031.0
2868,Yugansk,9205.0,1214.0
2869,Taran,9142.0,553.0
2870,Ovgort,8817.0,888.0
2871,Korliki,9519.0,1148.0
2872,Kikkiakki,9501.0,953.0
2873,Khalmer-Sede,9309.0,697.0
2874,Muşkino,9129.0,1183.0
2875,Andra,8902.0,1127.0
2876,Verkhnekazymskiy,8968.0,1038.0
2877,Tolka,9400.0,985.0
2878,Ratta,9585.0,1034.0
2879,Krasnoselkup,9464.0,742.0
2880,Nowoagansk,9326.0,1077.0
2881,Krasnoyarsk,9807.0,1407.0
2882,Dudinka,9579.0,580.0
2883,Igarka,9651.0,744.0
2884,Irkutsk,10300.0,1623.0
2885,Norilsk,9714.0,580.0
2886,Nazarovo,9722.0,1391.0
2887,Ilansky,9939.0,1405.0
2888,Syndassko,10173.0,322.0
2889,Baykit,10029.0,1075.0
2890,Bor,9729.0,986.0
2891,Khatanga,10280.0,462.0
2892,Ekonda,10349.0,778.0
2893,Poligus,9825.0,1168.0
2894,Tura,10158.0,816.0
2895,Vanavara,10266.0,1147.0
2896,Volochanka,9936.0,510.0
2897,Uchami,9927.0,882.0
2898,Yessey,10125.0,666.0
2899,Tomsk,9620.0,1388.0
2900,Kolpashevo,9553.0,1307.0
2901,Alexandrovskoye,9361.0,1249.0
2902,Maklakovo,9809.0,1344.0
2903,Abakan,9725.0,1496.0
2904,Novosibirsk,9485.0,1456.0
2905,Barnaul,9498.0,1531.0
2906,Kyzyl,9849.0,1662.0
2907,Onguday,9551.0,1729.0
2908,Omsk,9175.0,1504.0
2909,Tatarsk,9305.0,1495.0
2910,Kyshtovka,9328.0,1392.0
2911,Karasuk,9347.0,1586.0
2912,Sheregesh,9627.0,1528.0
2913,Bolotnoye,9571.0,1438.0
2914,Kirensk,10557.0,1365.0
2915,Nizhneudinsk,10073.0,1623.0
2916,Bratsk,10216.0,1441.0
2917,Kyren,10195.0,1717.0
2918,Ulan-Ude,10482.0,1638.0
2919,Bodaybo,10800.0,1336.0
2920,Kyakhta,10416.0,1771.0
2921,Yerbogachen,10492.0,1108.0
2922,Tokma,10355.0,1300.0
2923,Zhigalovo,10361.0,1515.0
2924,Chara,10863.0,1457.0
2925,Mogocha,10843.0,1530.0
2926,Otpor,10751.0,1714.0
2927,Chita,10625.0,1626.0
2928,Bagdarin,10621.0,1515.0
2929,Chadan,9718.0,1729.0
2930,Shagonar,9771.0,1706.0
2931,Saryg-Sep,9906.0,1704.0
2932,Toora-Chem,9919.0,1615.0
2933,Siktyah,10879.0,553.0
2934,Nyurba,10702.0,1019.0
2935,Aykhal,10628.0,749.0
2936,Olenyok,10536.0,644.0
2937,Zhigansk,10855.0,737.0
2938,Nyuya,10808.0,1170.0
2939,Olyokminsk,10946.0,1193.0
2940,Vilyuysk,10806.0,1020.0
2941,Tiksi,10994.0,402.0
2942,Peleduy,10654.0,1258.0
2943,Sangar,11014.0,917.0
2944,Nayba,11055.0,461.0
2945,Kryusyur,10940.0,498.0
2946,Ust-Olenek,10790.0,391.0
2947,Yuryung-Khaya,10539.0,374.0
2948,Saskylakh,10543.0,479.0
2949,Bolotistoy-Derevne,10774.0,529.0
2950,Zyryanka,11649.0,791.0
2951,Yugoryonok,11334.0,1134.0
2952,Yakutsk,11105.0,975.0
2953,Zhataystroy,11115.0,931.0
2954,Ust-Maya,11245.0,1086.0
2955,Nizhny Kuranakh,11061.0,1185.0
2956,Nizhneyansk,11391.0,501.0
2957,Nagorny,11064.0,1352.0
2958,Nizhne-Stalinsk,11059.0,1244.0
2959,Khandyga,11298.0,965.0
2960,Ese-Khayya,11319.0,749.0
2961,Chokurdakh,11552.0,537.0
2962,Nizhniye Kresty,11872.0,536.0
2963,Batagay,11362.0,601.0
2964,Pokrovsk,11098.0,1011.0
2965,Aldan,11058.0,1215.0
2966,Srednekolymsk,11759.0,622.0
2967,Verkhoyansk,11409.0,603.0
2968,Eldikan,11288.0,1058.0
2969,Tyanya,10973.0,1265.0
2970,Ust-Nera,11524.0,903.0
2971,Allakh-Yun,11475.0,1051.0
2972,Yunkyur,11214.0,765.0
2973,Khonuu,11519.0,822.0
2974,Tynda,11093.0,1476.0
2975,Bomnak,11239.0,1519.0
2976,Chagda,11245.0,1274.0
2977,Tugur,11680.0,1430.0
2978,Chumikan,11616.0,1344.0
2979,Ayan,11635.0,1241.0
2980,Oktyabrskiy,11297.0,1639.0
2981,Blagoveshchensk,11356.0,1753.0
2982,Khabarovsk,11525.0,1693.0
2983,Bikinskaya,11548.0,1716.0
2984,Komsomolsk,11700.0,1644.0
2985,Nikolayevsk-on-Amur,11837.0,1459.0
2986,Sovetskaya Gavan,11880.0,1740.0
2987,Vyazemsky,11563.0,1800.0
2988,De-Kastri,11879.0,1547.0
2989,Vanino,11864.0,1703.0
2990,Chegdomyn,11447.0,1581.0
2991,Imeni Poliny Osipenko,11692.0,1529.0
2992,Vyatskoye,11633.0,1688.0
2993,Ekimchan,11466.0,1457.0
2994,Aim,11497.0,1190.0
2995,Nelkan,11467.0,1307.0
2996,Ogoron,11321.0,1561.0
2997,Nakhodka,11730.0,2132.0
2998,Vladivostok,11680.0,2138.0
2999,Semyonovka,11709.0,2033.0
3000,Tetyukhe,11820.0,1979.0
3001,Iman,11657.0,1931.0
3002,Voroshilov,11675.0,2106.0
3003,Vostok,11726.0,1827.0
3004,Ternistryy,11783.0,1894.0
3005,Zlatoustovsk,11551.0,1476.0
3006,Okhotsk,11750.0,1100.0
3007,Pevek,13085.0,585.0
3008,Petropavlovsk-Kamchatsky,12532.0,1199.0
3009,Slautnoye,12847.0,803.0
3010,Markovo,13068.0,732.0
3011,Uelen,13504.0,705.0
3012,Keperveyem,12062.0,640.0
3013,Palana,12667.0,923.0
3014,Ilirney,12306.0,715.0
3015,Gizhiga,12601.0,833.0
3016,Magadan,12030.0,1017.0
3017,Talon,11937.0,991.0
3018,Atka,12069.0,888.0
3019,Sasyr,11925.0,843.0
3020,Oymyakon,11573.0,1019.0
3021,Kholodny,11799.0,978.0
3022,Khaty,10648.0,975.0
3023,Mukhtuya,10679.0,1149.0
3024,Sayylyk,10915.0,1028.0
3025,Sheya,10673.0,1046.0
3026,Usun,10764.0,901.0
3027,Lybalakh,11019.0,749.0
3028,Baytakh,10507.0,773.0
3029,Bykovsky,10914.0,365.0
3030,Taymylyr,10853.0,406.0
3031,Kyusyur,10990.0,442.0
3032,Eryukkyune,10679.0,515.0
3033,Ulakhan-Kyuel,10879.0,625.0
3034,Eyik,10751.0,758.0
3035,Beizi Temple,11031.0,2100.0
3036,Zhèngxiāngbái,10982.0,2159.0
3037,Old Barag,10817.0,1736.0
3038,Hulunbuir,10868.0,1769.0
3039,Harbin,11417.0,2013.0
3040,Kiamusze,11547.0,1933.0
3041,Hsinking,11395.0,2114.0
3042,Yimin Sumu,10871.0,1844.0
3043,Mohe,10936.0,1568.0
3044,Tahe,11054.0,1578.0
3045,Sunwu,11349.0,1831.0
3046,Nenjiang,11214.0,1844.0
3047,Xuguit Qi,10924.0,1759.0
3048,Yichun,11462.0,1892.0
3049,Shuangyashan,11587.0,1945.0
3050,Qitaihe,11590.0,2020.0
3051,Yilan,11512.0,1961.0
3052,Tonghe,11456.0,1997.0
3053,Dehui,11409.0,2061.0
3054,Liaoyang,11383.0,2175.0
3055,Tonghua,11469.0,2213.0
3056,Botankou,11558.0,2078.0
3057,Yanbian,11564.0,2165.0
3058,Tongliao,11295.0,2111.0
3059,Huolin Gol,11142.0,2002.0
3060,Arxan,10946.0,1914.0
3061,Chaihezhen,11024.0,1847.0
3062,Guyuanzhen,11059.0,1684.0
3063,Beijiangxiang,11216.0,1699.0
3064,Sartu,11373.0,1983.0
3065,Qigihar,11282.0,1935.0
3066,Sverdlovsk,8743.0,1539.0
3067,Tyumen,8847.0,1463.0
3068,Krasnoturyinsk,8659.0,1329.0
3069,Verkhnyaya Salda,8717.0,1477.0
3070,Pervouralsk,8700.0,1547.0
3071,Tobolsk,8984.0,1398.0
3072,Berezovka,9071.0,1331.0
3073,Aromashevo,8970.0,1491.0
3074,Ishim,9004.0,1567.0
3075,Kurgan,8851.0,1584.0
3076,Chelyabinsk,8747.0,1599.0
3077,Magnitogorsk,8651.0,1695.0
3078,Kartaly,8757.0,1713.0
3079,Zykova,8760.0,1332.0
3080,Astana,9127.0,1733.0
3081,Guryev,8464.0,2037.0
3082,Taras,9070.0,2146.0
3083,Turkistan,8937.0,2081.0
3084,Shymkent,8965.0,2122.0
3085,Uralsk,8435.0,1894.0
3086,Ufa,8537.0,1581.0
3087,Orenburg,8481.0,1803.0
3088,Semipalatinsk,9421.0,1818.0
3089,Petropavl,9054.0,1578.0
3090,Pavlodar,9292.0,1685.0
3091,Kokshetau,9084.0,1685.0
3092,Almaty,9244.0,2076.0
3093,Kzyl-Orda,8873.0,2050.0
3094,Oskemen,9497.0,1836.0
3095,Aktobe,8584.0,1904.0
3096,Kostanay,8752.0,1831.0
3097,Karaganda,9176.0,1784.0
3098,Balkhash,9221.0,1933.0
3099,Arshaly,8898.0,1776.0
3100,Dzhezkazgan,8971.0,1942.0
3101,Atasu,9109.0,1860.0
3102,Tole Bi,9174.0,2061.0
3103,Birlik,9143.0,1989.0
3104,Talgar,9295.0,2050.0
3105,Taldy-Kurgan,9393.0,1956.0
3106,Fort Shevchenko,8447.0,2155.0
3107,Usturt,8635.0,2201.0
3108,Nizhniy Embensk,8537.0,2047.0
3109,Aralsk,8760.0,2007.0
3110,Ashkhabad,8780.0,2542.0
3111,Anau,8805.0,2558.0
3112,Nebit Dag,8606.0,2431.0
3113,Mary,8896.0,2525.0
3114,Tashauz,8783.0,2356.0
3115,Chardzhou,8931.0,2421.0
3116,Derweze,8726.0,2408.0
3117,Kyzyl-Arvat,8685.0,2517.0
3118,Bäherden,8749.0,2526.0
3119,Yerbent,8747.0,2474.0
3120,Samarqand,9019.0,2388.0
3121,Qarshi,9007.0,2431.0
3122,Termiz,9075.0,2540.0
3123,Bukhara,8958.0,2356.0
3124,Fergana,9109.0,2318.0
3125,Marat,8856.0,2176.0
3126,Chelkar,8822.0,2252.0
3127,Nukus,8733.0,2301.0
3128,Krasnowodsk,8546.0,2437.0
3129,Oboy,8602.0,2489.0
3130,Gyzylgaya,8636.0,2351.0
3131,Stalinabad,9101.0,2419.0
3132,Murghab,9155.0,2445.0
3133,Panjakent,9065.0,2397.0
3134,Jizzakh,9048.0,2348.0
3135,Oktyabrsky (TK),9017.0,2231.0
3136,Frunze,9184.0,2141.0
3137,Przhevalsk,9348.0,2103.0
3138,At-Bashy,9272.0,2236.0
3139,Orsk,8604.0,1814.0
3140,Sterlitamak,8538.0,1688.0
3141,Perm,8539.0,1418.0
3142,Talovo,8581.0,1210.0
3143,Gayny,8434.0,1252.0
3144,Cherdyn,8513.0,1255.0
3145,Dobryanka,8548.0,1376.0
3146,Berezniki,8560.0,1298.0
3147,Kudymkar,8448.0,1343.0
3148,Nytva,8479.0,1426.0
3149,Oktyabrsky,8440.0,1603.0
3150,Mishkinsky,8541.0,1528.0
3151,Birsk,8496.0,1491.0
3152,Davlekanovo,8502.0,1596.0
3153,Beloretsk,8597.0,1633.0
3154,Sibay,8593.0,1743.0
3155,Ishimbay,8535.0,1719.0
3156,Sorochinsk,8437.0,1768.0
3157,Lysva,8587.0,1424.0
3158,Sol-Iletsk,8479.0,1847.0
3159,Igra,8395.0,1439.0
3160,Debyosy,8431.0,1435.0
3161,Glazov,8365.0,1405.0
3162,Izhevsk,8399.0,1469.0
3163,Buzuluk,8359.0,1719.0
3164,Abdulino,8438.0,1664.0
3165,Buguruslan,8364.0,1662.0
3166,Kirov,8258.0,1384.0
3167,Murashi,8226.0,1333.0
3168,Batumi,8022.0,2270.0
3169,Tiflis,8156.0,2281.0
3170,Kirs,8339.0,1348.0
3171,Kuybyshev,8263.0,1694.0
3172,Gori,8118.0,2260.0
3173,Kumyony,8261.0,1409.0
3174,Urzhum,8263.0,1482.0
3175,Naberezhnye Chelny,8357.0,1537.0
3176,Tolyatti,8239.0,1672.0
3177,Pokhvistnevo,8301.0,1647.0
3178,Yaransk,8158.0,1454.0
3179,Kutaisi,8060.0,2243.0
3180,Gorky,8057.0,1521.0
3181,Ilori,7996.0,2193.0
3182,Kazan,8219.0,1538.0
3183,Khelvachauri,8056.0,2296.0
3184,Saratov,8089.0,1831.0
3185,Buinsk,8177.0,1596.0
3186,Pestretsy,8249.0,1547.0
3187,Bugulma,8383.0,1600.0
3188,Signalki,8214.0,2294.0
3189,Neftegorsk,8295.0,1717.0
3190,Rostov,7830.0,1986.0
3191,Ulyanovsk,8178.0,1625.0
3192,Petrovsk,8263.0,2206.0
3193,Aleksandryia,8129.0,1633.0
3194,Novospasskoye,8139.0,1678.0
3195,Penza,8035.0,1680.0
3196,Saransk,8038.0,1619.0
3197,Balakovo,8182.0,1785.0
3198,Pugachyov,8269.0,1792.0
3199,Baltser,8080.0,1873.0
3200,Novouzensk,8237.0,1879.0
3201,Atarsk,8048.0,1794.0
3202,Uren,8086.0,1449.0
3203,Ordzhonikidze,8147.0,2188.0
3204,Stavropol,8054.0,2093.0
3205,Krasnodar,7840.0,2087.0
3206,Stalingrad,8097.0,1989.0
3207,Astrakhan,8305.0,2089.0
3208,Yashkul,8184.0,2055.0
3209,Maykop,7939.0,2120.0
3210,Dubovka,8136.0,1950.0
3211,Elista,8118.0,2037.0
3212,Salsk,7952.0,2016.0
3213,Millerovo,7881.0,1911.0
3214,Moscow,7631.0,1496.0
3215,Bryansk,7598.0,1668.0
3216,Voronezh,7801.0,1792.0
3217,Ryazan,7753.0,1560.0
3218,Yaroslavl,7664.0,1378.0
3219,Vladimir,7744.0,1472.0
3220,Kovrov,7801.0,1451.0
3221,Kologriv,7900.0,1392.0
3222,Kostroma,7706.0,1379.0
3223,Vokhma,8066.0,1374.0
3224,Kalinin,7569.0,1430.0
3225,Tula,7637.0,1565.0
3226,Belgorod,7729.0,1814.0
3227,Kursk,7705.0,1777.0
3228,Ivanovo,7754.0,1410.0
3229,Kineshma,7777.0,1385.0
3230,Kaluga,7593.0,1537.0
3231,Lipetsk,7813.0,1738.0
3232,Oryol,7703.0,1684.0
3233,Smolensk,7521.0,1530.0
3234,Tambov,7896.0,1737.0
3235,Borisolglebsk,7900.0,1797.0
3236,Morshansk,7876.0,1661.0
3237,Murom,7885.0,1509.0
3238,Sasovo,7898.0,1580.0
3239,Yefremov,7769.0,1667.0
3240,Shivolo,7827.0,1586.0
3241,Palau,12068.0,3996.0
3242,Guam,12503.0,3719.0
3243,Songsong,12557.0,3671.0
3244,Tinian,12634.0,3599.0
3245,Saipan,12675.0,3547.0
3246,Aguigan,12619.0,3634.0
3247,Weno,12925.0,3946.0
3248,Tol,12876.0,3975.0
3249,Palikir,13069.0,3998.0
3250,Nouméa,13164.0,5073.0
3251,Wé,13182.0,5048.0
3252,La Roche,13197.0,5071.0
3253,Port Vila,13199.0,4937.0
3254,Luganville,13173.0,4853.0
3255,Lakatoro,13180.0,4878.0
3256,Suva,13362.0,4943.0
3257,Labasa,13382.0,4898.0
3258,Apia,13505.0,4816.0
3259,Salelologa,13479.0,4808.0
3260,Jamestown,5939.0,5102.0
3261,Pago Pago,13524.0,4824.0
3262,Arawa,12975.0,4528.0
3263,Polo,13002.0,4559.0
3264,Honiara,13056.0,4647.0
3265,Namuga,13088.0,4683.0
3266,Auki,13073.0,4629.0
3267,Buala,13039.0,4590.0
3268,Munda,13010.0,4600.0
3269,Kwajalein,13267.0,3961.0
3270,Majuro,13466.0,4007.0
3271,Enewetak,13166.0,3909.0
3272,Wake Island,13245.0,3298.0
3273,Naha,11643.0,2990.0
3274,Amami,11683.0,2919.0
3275,Miyakojima,11602.0,3020.0
3276,Ishigaki,11560.0,3052.0
3277,Kunashiri,12207.0,2012.0
3278,Etorofu,12277.0,1941.0
3279,Przasnysz,7072.0,1755.0
3280,Katowice,7014.0,1945.0
3281,Białystok,7203.0,1721.0
3282,Baranovichi,7298.0,1694.0
3283,Lexington,2461.0,2002.0
3284,Barraute,3630.0,1460.0
3285,Kerrville,2419.0,2673.0
3286,Itabuna,4800.0,4859.0
3287,Mankoya,7230.0,4989.0
3288,Vavuniya,9748.0,3916.0
3289,Colombo,9727.0,3972.0
3290,Galle,9735.0,4017.0
3291,Sveg,6848.0,1127.0
3292,Hammerdal,6897.0,1004.0
3293,Jönköping,6813.0,1450.0
3294,Jokkmokk,7020.0,843.0
3295,Jeju,11551.0,2689.0
3296,Nicosia,7762.0,2791.0
3297,São Tomé,6465.0,4374.0
3298,College Station,2568.0,2633.0
3299,Whangarei,13332.0,5555.0
3300,Santa Cruz de Tenerife,5399.0,3208.0
3301,Panamá,3076.0,3832.0
3302,Obock,8099.0,3922.0
3332,Trieste,6750.0,2235.0
